{
  "TOTAL": "<div class=\"content\"><a class='bold' href=\"http://ec.europa.eu/eurostat/ramon/nomenclatures/index.cfm?TargetUrl=DSP_GLOSSARY_NOM_DTL_VIEW&StrNom=CODED2&StrLanguageCode=EN&IntKey=16416335&RdoSearch=BEGIN&TxtSearch=&CboTheme=36940303&IsTer=&IntCurrentPage=1&ter_valid=0\" target=\"_blank\"><b>All products</b></a>  is the sum of all energy products and is composed of the following fuel families: <a href=\"#\" onclick=\"flowboxNameSpace.glossaryFlow('SFF_P1000','Solid fuels');\">Solid fuels</a> (coal), <a href=\"http://ec.europa.eu/eurostat/ramon/nomenclatures/index.cfm?TargetUrl=DSP_GLOSSARY_NOM_DTL_VIEW&StrNom=CODED2&StrLanguageCode=EN&IntKey=16416285&RdoSearch=BEGIN&TxtSearch=&CboTheme=36940303&IsTer=&IntCurrentPage=1&ter_valid=0\" target=\"_blank\">total petroleum products</a> (<a href=\"http://ec.europa.eu/eurostat/ramon/nomenclatures/index.cfm?TargetUrl=DSP_GLOSSARY_NOM_DTL_VIEW&StrNom=CODED2&StrLanguageCode=EN&IntKey=16445285&RdoSearch=BEGIN&TxtSearch=&CboTheme=36940303&IsTer=&IntCurrentPage=4&ter_valid=0\" target=\"_blank\">crude oil</a> and derived petroleum products), <a href=\"http://ec.europa.eu/eurostat/ramon/nomenclatures/index.cfm?TargetUrl=DSP_GLOSSARY_NOM_DTL_VIEW&StrNom=CODED2&StrLanguageCode=EN&IntKey=16477785&RdoSearch=BEGIN&TxtSearch=&CboTheme=36940303&IsTer=&IntCurrentPage=8&ter_valid=0\" target=\"_blank\">gas</a>, <a href=\"http://ec.europa.eu/eurostat/ramon/nomenclatures/index.cfm?TargetUrl=DSP_GLOSSARY_NOM_DTL_VIEW&StrNom=CODED2&StrLanguageCode=EN&IntKey=16537385&RdoSearch=BEGIN&TxtSearch=nuclear&CboTheme=36940303&IsTer=&IntCurrentPage=1&ter_valid=0\" target=\"_blank\">nuclear heat</a>, <a href=\"http://ec.europa.eu/eurostat/ramon/nomenclatures/index.cfm?TargetUrl=DSP_GLOSSARY_NOM_DTL_VIEW&StrNom=CODED2&StrLanguageCode=EN&IntKey=16452285&RdoSearch=BEGIN&TxtSearch=derived%20heat&CboTheme=36940303&IsTer=&IntCurrentPage=1&ter_valid=0\" target=\"_blank\">heat</a>, <a href=\"http://ec.europa.eu/eurostat/ramon/nomenclatures/index.cfm?TargetUrl=DSP_GLOSSARY_NOM_DTL_VIEW&StrNom=CODED2&StrLanguageCode=EN&IntKey=16576935&RdoSearch=BEGIN&TxtSearch=renewable&CboTheme=36940303&IsTer=&IntCurrentPage=1&ter_valid=0\" target=\"_blank\">renewable energies</a>, <a href=\"#\" onclick=\"flowboxNameSpace.glossaryFlow('E7000','Electricity');\">electricity</a> and <a href=\"http://ec.europa.eu/eurostat/ramon/nomenclatures/index.cfm?TargetUrl=DSP_GLOSSARY_NOM_DTL_VIEW&StrNom=CODED2&StrLanguageCode=EN&IntKey=33012391&RdoSearch=BEGIN&TxtSearch=waste&CboTheme=36940303&IsTer=&IntCurrentPage=1&ter_valid=0\" target=\"_blank\">non-renewable waste</a>. </div>",
  "SFF_P1000": "<div class=\"content\"><b>Solid fuels</b>  are <a href=\"http://ec.europa.eu/eurostat/ramon/nomenclatures/index.cfm?TargetUrl=DSP_GLOSSARY_NOM_DTL_VIEW&StrNom=CODED2&StrLanguageCode=EN&IntKey=25375039&RdoSearch=BEGIN&TxtSearch=&CboTheme=36940303&IsTer=&IntCurrentPage=8&ter_valid=0\" target=\"_blank\">fossil fuels</a>  covering various types of coals and solid products derived from coals. They consist of carbonised vegetable matter and usually have the physical appearance of a black or brown rock.</div>",
  "O4000": "<div class=\"content\"><a href=\"http://ec.europa.eu/eurostat/ramon/nomenclatures/index.cfm?TargetUrl=DSP_GLOSSARY_NOM_DTL_VIEW&StrNom=CODED2&StrLanguageCode=EN&IntKey=16416285&RdoSearch=BEGIN&TxtSearch=&CboTheme=36940303&IsTer=&IntCurrentPage=1&ter_valid=0\" target=\"_blank\"><b>Oil and petroleum products</b></a> are <a href=\"http://ec.europa.eu/eurostat/ramon/nomenclatures/index.cfm?TargetUrl=DSP_GLOSSARY_NOM_DTL_VIEW&StrNom=CODED2&StrLanguageCode=EN&IntKey=25375039&RdoSearch=BEGIN&TxtSearch=&CboTheme=36940303&IsTer=&IntCurrentPage=8&ter_valid=0\" target=\"_blank\">fossil fuels</a> (usually in liquid state) and include <a href=\"http://ec.europa.eu/eurostat/ramon/nomenclatures/index.cfm?TargetUrl=DSP_GLOSSARY_NOM_DTL_VIEW&StrNom=CODED2&StrLanguageCode=EN&IntKey=16445285&RdoSearch=BEGIN&TxtSearch=&CboTheme=36940303&IsTer=&IntCurrentPage=4&ter_valid=0\" target=\"_blank\">crude oil</a> and all products derived from it (e.g. when processed in oil refineries), including motor gasoline, diesel oil, fuel oil, etc. </div>",
  "G3000_C0350-370": "<div class=\"content\"><a href=\"http://ec.europa.eu/eurostat/ramon/nomenclatures/index.cfm?TargetUrl=DSP_GLOSSARY_NOM_DTL_VIEW&StrNom=CODED2&StrLanguageCode=EN&IntKey=16477785&RdoSearch=BEGIN&TxtSearch=&CboTheme=36940303&IsTer=&IntCurrentPage=8&ter_valid=0\" target=\"_blank\"><b>Gas</b></a> includes mostly <a href=\"http://ec.europa.eu/eurostat/ramon/nomenclatures/index.cfm?TargetUrl=DSP_GLOSSARY_NOM_DTL_VIEW&StrNom=CODED2&StrLanguageCode=EN&IntKey=16528485&RdoSearch=BEGIN&TxtSearch=&CboTheme=36940303&IsTer=&ter_valid=0&IntCurrentPage=8\" target=\"_blank\">natural gas</a> and <a href=\"http://ec.europa.eu/eurostat/ramon/nomenclatures/index.cfm?TargetUrl=DSP_GLOSSARY_NOM_DTL_VIEW&StrNom=CODED2&StrLanguageCode=EN&IntKey=16452235&RdoSearch=BEGIN&TxtSearch=&CboTheme=36940303&IsTer=&ter_valid=0&IntCurrentPage=8\" target=\"_blank\">derived gases</a>.</div>",
  "N900H": "<div class=\"content\"><a href=\"http://ec.europa.eu/eurostat/ramon/nomenclatures/index.cfm?TargetUrl=DSP_GLOSSARY_NOM_DTL_VIEW&StrNom=CODED2&StrLanguageCode=EN&IntKey=16537385&RdoSearch=BEGIN&TxtSearch=nuclear&CboTheme=36940303&IsTer=&IntCurrentPage=1&ter_valid=0\" target=\"_blank\"><b>Nuclear heat</b></a> is the thermal energy produced in a nuclear power plant (nuclear energy). It is obtained from the nuclear fission of atoms, usually of uranium and plutonium.</div>",
  "H8000": "<div class=\"content\"><a href=\"http://ec.europa.eu/eurostat/ramon/nomenclatures/index.cfm?TargetUrl=DSP_GLOSSARY_NOM_DTL_VIEW&StrNom=CODED2&StrLanguageCode=EN&IntKey=16452285&RdoSearch=BEGIN&TxtSearch=derived%20heat&CboTheme=36940303&IsTer=&IntCurrentPage=1&ter_valid=0\" target=\"_blank\"><b>Heat</b></a> is used for warming spaces and for industrial processes and is obtained by burning combustible fuels like coal, natural gas, oil, renewables (biofuels) and wastes, or also by transforming <a href=\"#\" onclick=\"flowboxNameSpace.glossaryFlow('E7000','Electricity');\">electricity</a> to heat in electric boilers or heat pumps. </div>",
  "RA000": "<div class=\"content\"><a href=\"http://ec.europa.eu/eurostat/ramon/nomenclatures/index.cfm?TargetUrl=DSP_GLOSSARY_NOM_DTL_VIEW&StrNom=CODED2&StrLanguageCode=EN&IntKey=16576935&RdoSearch=BEGIN&TxtSearch=renewable&CboTheme=36940303&IsTer=&IntCurrentPage=1&ter_valid=0\" target=\"_blank\"><b>Renewable energies</b></a> are energy sources that replenish (or renew) themselves naturally, such as <a href=\"http://ec.europa.eu/eurostat/ramon/nomenclatures/index.cfm?TargetUrl=DSP_GLOSSARY_NOM_DTL_VIEW&StrNom=CODED2&StrLanguageCode=EN&IntKey=16592685&RdoSearch=BEGIN&TxtSearch=renewable&CboTheme=36940303&IsTer=&ter_valid=0&IntCurrentPage=1\" target=\"_blank\">solar</a>, <a href=\"http://ec.europa.eu/eurostat/ramon/nomenclatures/index.cfm?TargetUrl=DSP_GLOSSARY_NOM_DTL_VIEW&StrNom=CODED2&StrLanguageCode=EN&IntKey=16623435&RdoSearch=BEGIN&TxtSearch=renewable&CboTheme=36940303&IsTer=&ter_valid=0&IntCurrentPage=1\" target=\"_blank\">wind</a>, <a href=\"http://ec.europa.eu/eurostat/ramon/nomenclatures/index.cfm?TargetUrl=DSP_GLOSSARY_NOM_DTL_VIEW&StrNom=CODED2&StrLanguageCode=EN&IntKey=16493335&RdoSearch=BEGIN&TxtSearch=renewable&CboTheme=36940303&IsTer=&ter_valid=0&IntCurrentPage=1\" target=\"_blank\">hydro</a>, <a href=\"http://ec.europa.eu/eurostat/ramon/nomenclatures/index.cfm?TargetUrl=DSP_GLOSSARY_NOM_DTL_VIEW&StrNom=CODED2&StrLanguageCode=EN&IntKey=16480085&RdoSearch=BEGIN&TxtSearch=renewable&CboTheme=36940303&IsTer=&ter_valid=0&IntCurrentPage=1\" target=\"_blank\">geothermal</a>, <a href=\"http://ec.europa.eu/eurostat/ramon/nomenclatures/index.cfm?TargetUrl=DSP_GLOSSARY_NOM_DTL_VIEW&StrNom=CODED2&StrLanguageCode=EN&IntKey=16424035&RdoSearch=BEGIN&TxtSearch=renewable&CboTheme=36940303&IsTer=&ter_valid=0&IntCurrentPage=1\" target=\"_blank\">biomass and renewable wastes</a>, etc.</div>",
 
  "E1_1_2": "<div class=\"content\"><a href=\"http://ec.europa.eu/eurostat/ramon/nomenclatures/index.cfm?TargetUrl=DSP_GLOSSARY_NOM_DTL_VIEW&StrNom=CODED2&StrLanguageCode=EN&IntKey=33013336&RdoSearch=CONTAIN&TxtSearch=production&CboTheme=36940303&IsTer=&IntCurrentPage=1&ter_valid=0\" target=\"_blank\"><b>Primary production</b></a> is the extraction of energy products from natural sources to a usable form. It occurs within the territory under consideration.</div>",
  "E1_1_1": "<div class=\"content\"><b>Recovered and recycled products</b> regroup several categories, like supply of renewable energy commodities produced in other fuel balances or certain petroleum products which are reprocessed and recycled.</a></div>",
  "N1_1": "<div class=\"content\"><b>Production</b> is the sum of <a href=\"http://ec.europa.eu/eurostat/ramon/nomenclatures/index.cfm?TargetUrl=DSP_GLOSSARY_NOM_DTL_VIEW&StrNom=CODED2&StrLanguageCode=EN&IntKey=33013336&RdoSearch=CONTAIN&TxtSearch=production&CboTheme=36940303&IsTer=&IntCurrentPage=1&ter_valid=0\" target=\"_blank\">primary production</a> and <a href=\"#\" onclick=\"nodeboxNameSpace.glossaryNode('E1_1_1');\">recovered and recycled products</a>.</div>",
  "E1_2": "<div class=\"content\"><a href=\"http://ec.europa.eu/eurostat/ramon/nomenclatures/index.cfm?TargetUrl=DSP_GLOSSARY_NOM_DTL_VIEW&StrNom=CODED2&StrLanguageCode=EN&IntKey=33012251&RdoSearch=CONTAIN&TxtSearch=imports&CboTheme=36940303&IsTer=&IntCurrentPage=1&ter_valid=0\" target=\"_blank\">Imports</a> cover the amount of energy produced outside and brought into the considered territory for consumption.</div>",
  "E1_3": "<div class=\"content\"><b>Stock draw</b> is the energy taken from storage facilities (e.g. gas storage vessels). It represents a positive variation of <a href=\"http://ec.europa.eu/eurostat/ramon/nomenclatures/index.cfm?TargetUrl=DSP_GLOSSARY_NOM_DTL_VIEW&StrNom=CODED2&StrLanguageCode=EN&IntKey=16596635&RdoSearch=CONTAIN&TxtSearch=stock&CboTheme=36940303&IsTer=&IntCurrentPage=1&ter_valid=0\" target=\"_blank\">stock changes</a>.</div>",
  "E1_4": "<div class=\"content\"><b>Statistical difference - inflow</b> represents the negative <a href=\"http://ec.europa.eu/eurostat/ramon/nomenclatures/index.cfm?TargetUrl=DSP_GLOSSARY_NOM_DTL_VIEW&StrNom=CODED2&StrLanguageCode=EN&IntKey=34200138&RdoSearch=CONTAIN&TxtSearch=B_102200&CboTheme=36940303&IsTer=&IntCurrentPage=1&ter_valid=0\" target=\"_blank\"><b>statistical difference</b></a>, that is the negative difference between the <a href=\"http://ec.europa.eu/eurostat/ramon/nomenclatures/index.cfm?TargetUrl=DSP_GLOSSARY_NOM_DTL_VIEW&StrNom=CODED2&StrLanguageCode=EN&IntKey=34198878&RdoSearch=CONTAIN&TxtSearch=B_101500&CboTheme=36940303&IsTer=&IntCurrentPage=1&ter_valid=0\" target=\"_blank\"><b> energy available for final consumption</a> and <a href=\"#\" onclick=\"nodeboxNameSpace.glossaryNode('N6_1');\">final consumption</a>.</div>",
  "N1": "<div class=\"content\"><b>Available from all sources</b> is the addition of <a href=\"#\" onclick=\"nodeboxNameSpace.glossaryNode('N1_1');\">production</a>, <a href=\"http://ec.europa.eu/eurostat/ramon/nomenclatures/index.cfm?TargetUrl=DSP_GLOSSARY_NOM_DTL_VIEW&StrNom=CODED2&StrLanguageCode=EN&IntKey=33012251&RdoSearch=CONTAIN&TxtSearch=imports&CboTheme=36940303&IsTer=&IntCurrentPage=1&ter_valid=0\" target=\"_blank\">imports</a>, <a href=\"#\" onclick=\"nodeboxNameSpace.glossaryNode('E1_3');\">stock draw</a> and <a href=\"#\" onclick=\"nodeboxNameSpace.glossaryNode('E1_4');\">inflow of statistical difference</a>.</div>",
  "N5": "<div class=\"content\"><b>Direct carry-over</b> represents the energy quantities that do not go through any transformation process (i.e. energy commodities which are used in their original form).</div>",
  "T2": "<div class=\"content\"><b>Transformation</b> is the total amount of energy involved in all activities where one energy commodity is transformed into a different one (e.g. <a href=\"http://ec.europa.eu/eurostat/ramon/nomenclatures/index.cfm?TargetUrl=DSP_GLOSSARY_NOM_DTL_VIEW&StrNom=CODED2&StrLanguageCode=EN&IntKey=16528485&RdoSearch=CONTAIN&TxtSearch=natural%20gas&CboTheme=36940303&IsTer=&IntCurrentPage=1&ter_valid=0\" target=\"_blank\">natural gas</a> transformed into <a href=\"#\" onclick=\"flowboxNameSpace.glossaryFlow('E7000','Electricity');\">electricity</a> in a power plant).</div>",
  "N2_1": "<div class=\"content\"><a href=\"http://ec.europa.eu/eurostat/ramon/nomenclatures/index.cfm?TargetUrl=DSP_GLOSSARY_NOM_DTL_VIEW&StrNom=CODED2&StrLanguageCode=EN&IntKey=16611635&RdoSearch=CONTAIN&TxtSearch=transformation%20input&CboTheme=36940303&IsTer=&IntCurrentPage=1&ter_valid=0\" target=\"_blank\"><b>Transformation input</b></a> is the sum of energy inputs to all transformation processes (for example, <a href=\"http://ec.europa.eu/eurostat/ramon/nomenclatures/index.cfm?TargetUrl=DSP_GLOSSARY_NOM_DTL_VIEW&StrNom=CODED2&StrLanguageCode=EN&IntKey=16445285&RdoSearch=BEGIN&TxtSearch=crude%20oil&CboTheme=36940303&IsTer=&IntCurrentPage=1&ter_valid=0\" target=\"_blank\">crude oil</a> for refineries to produce derived products or <a href=\"http://ec.europa.eu/eurostat/ramon/nomenclatures/index.cfm?TargetUrl=DSP_GLOSSARY_NOM_DTL_VIEW&StrNom=CODED2&StrLanguageCode=EN&IntKey=16528485&RdoSearch=CONTAIN&TxtSearch=natural%20gas&CboTheme=36940303&IsTer=&IntCurrentPage=1&ter_valid=0\" target=\"_blank\">natural gas</a> for power plants to produce <a href=\"#\" onclick=\"flowboxNameSpace.glossaryFlow('E7000','Electricity');\">electricity</a>).</div>",
  "T2_6": "<div class=\"content\"><a href=\"http://ec.europa.eu/eurostat/ramon/nomenclatures/index.cfm?TargetUrl=DSP_GLOSSARY_NOM_DTL_VIEW&StrNom=CODED2&StrLanguageCode=EN&IntKey=16501635&RdoSearch=CONTAIN&TxtSearch=refineries&CboTheme=36940303&IsTer=&IntCurrentPage=1&ter_valid=0\" target=\"_blank\"><b>Transformation - Refineries and petrochemical industry</b></a> is the transformation of <a href=\"http://ec.europa.eu/eurostat/ramon/nomenclatures/index.cfm?TargetUrl=DSP_GLOSSARY_NOM_DTL_VIEW&StrNom=CODED2&StrLanguageCode=EN&IntKey=16445285&RdoSearch=BEGIN&TxtSearch=crude%20oil&CboTheme=36940303&IsTer=&IntCurrentPage=1&ter_valid=0\" target=\"_blank\">crude oil</a> and other intermediary products into refined petroleum products (like <a href=\"http://ec.europa.eu/eurostat/ramon/nomenclatures/index.cfm?TargetUrl=DSP_GLOSSARY_NOM_DTL_VIEW&StrNom=CODED2&StrLanguageCode=EN&IntKey=16652035&RdoSearch=BEGIN&TxtSearch=gasoline&CboTheme=36940303&IsTer=&IntCurrentPage=1&ter_valid=0\" target=\"_blank\">gasoline</a>, <a href=\"http://ec.europa.eu/eurostat/ramon/nomenclatures/index.cfm?TargetUrl=DSP_GLOSSARY_NOM_DTL_VIEW&StrNom=CODED2&StrLanguageCode=EN&IntKey=16477835&RdoSearch=CONTAIN&TxtSearch=diesel%20oil&CboTheme=36940303&IsTer=&IntCurrentPage=1&ter_valid=0\" target=\"_blank\">diesel oil</a>, <a href=\"http://ec.europa.eu/eurostat/ramon/nomenclatures/index.cfm?TargetUrl=DSP_GLOSSARY_NOM_DTL_VIEW&StrNom=CODED2&StrLanguageCode=EN&IntKey=33013161&RdoSearch=CONTAIN&TxtSearch=fuel%20oil&CboTheme=36940303&IsTer=&IntCurrentPage=1&ter_valid=0\" target=\"_blank\">fuel oil</a>, <a href=\"http://ec.europa.eu/eurostat/ramon/nomenclatures/index.cfm?TargetUrl=DSP_GLOSSARY_NOM_DTL_VIEW&StrNom=CODED2&StrLanguageCode=EN&IntKey=16516535&RdoSearch=CONTAIN&TxtSearch=lubricants&CboTheme=36940303&IsTer=&IntCurrentPage=1&ter_valid=0\" target=\"_blank\">lubricants</a>, etc.) in refineries or the transformation of energy carriers during the production of petrochemicals (chemical products derived from petroleum) in the petrochemical industry.</div>",
  "N2_6_1": "<div class=\"content\"><a href=\"http://ec.europa.eu/eurostat/ramon/nomenclatures/index.cfm?TargetUrl=DSP_GLOSSARY_NOM_DTL_VIEW&StrNom=CODED2&StrLanguageCode=EN&IntKey=16501635&RdoSearch=CONTAIN&TxtSearch=refineries&CboTheme=36940303&IsTer=&IntCurrentPage=1&ter_valid=0\" target=\"_blank\"><b>Transformation - Refineries and petrochemical industry input</b></a> is the input of energy carriers into the transformation of <a href=\"http://ec.europa.eu/eurostat/ramon/nomenclatures/index.cfm?TargetUrl=DSP_GLOSSARY_NOM_DTL_VIEW&StrNom=CODED2&StrLanguageCode=EN&IntKey=16445285&RdoSearch=BEGIN&TxtSearch=crude%20oil&CboTheme=36940303&IsTer=&IntCurrentPage=1&ter_valid=0\" target=\"_blank\">crude oil</a> and other intermediary products into refined petroleum products (like <a href=\"http://ec.europa.eu/eurostat/ramon/nomenclatures/index.cfm?TargetUrl=DSP_GLOSSARY_NOM_DTL_VIEW&StrNom=CODED2&StrLanguageCode=EN&IntKey=16652035&RdoSearch=BEGIN&TxtSearch=gasoline&CboTheme=36940303&IsTer=&IntCurrentPage=1&ter_valid=0\" target=\"_blank\">gasoline</a>, <a href=\"http://ec.europa.eu/eurostat/ramon/nomenclatures/index.cfm?TargetUrl=DSP_GLOSSARY_NOM_DTL_VIEW&StrNom=CODED2&StrLanguageCode=EN&IntKey=16477835&RdoSearch=CONTAIN&TxtSearch=diesel%20oil&CboTheme=36940303&IsTer=&IntCurrentPage=1&ter_valid=0\" target=\"_blank\">diesel oil</a>, <a href=\"http://ec.europa.eu/eurostat/ramon/nomenclatures/index.cfm?TargetUrl=DSP_GLOSSARY_NOM_DTL_VIEW&StrNom=CODED2&StrLanguageCode=EN&IntKey=33013161&RdoSearch=CONTAIN&TxtSearch=fuel%20oil&CboTheme=36940303&IsTer=&IntCurrentPage=1&ter_valid=0\" target=\"_blank\">fuel oil</a>, <a href=\"http://ec.europa.eu/eurostat/ramon/nomenclatures/index.cfm?TargetUrl=DSP_GLOSSARY_NOM_DTL_VIEW&StrNom=CODED2&StrLanguageCode=EN&IntKey=16516535&RdoSearch=CONTAIN&TxtSearch=lubricants&CboTheme=36940303&IsTer=&IntCurrentPage=1&ter_valid=0\" target=\"_blank\">lubricants</a>, etc.) in refineries or during the production of petrochemicals (chemical products derived from petroleum) in the petrochemical industry.</div>",
  "N2_6_2": "<div class=\"content\"><a href=\"http://ec.europa.eu/eurostat/ramon/nomenclatures/index.cfm?TargetUrl=DSP_GLOSSARY_NOM_DTL_VIEW&StrNom=CODED2&StrLanguageCode=EN&IntKey=16501635&RdoSearch=CONTAIN&TxtSearch=refineries&CboTheme=36940303&IsTer=&IntCurrentPage=1&ter_valid=0\" target=\"_blank\"><b>Transformation - Refineries and petrochemical industry output</b></a> is the output of energy carriers from the transformation of <a href=\"http://ec.europa.eu/eurostat/ramon/nomenclatures/index.cfm?TargetUrl=DSP_GLOSSARY_NOM_DTL_VIEW&StrNom=CODED2&StrLanguageCode=EN&IntKey=16445285&RdoSearch=BEGIN&TxtSearch=crude%20oil&CboTheme=36940303&IsTer=&IntCurrentPage=1&ter_valid=0\" target=\"_blank\">crude oil</a> and other intermediary products into refined petroleum products (like <a href=\"http://ec.europa.eu/eurostat/ramon/nomenclatures/index.cfm?TargetUrl=DSP_GLOSSARY_NOM_DTL_VIEW&StrNom=CODED2&StrLanguageCode=EN&IntKey=16652035&RdoSearch=BEGIN&TxtSearch=gasoline&CboTheme=36940303&IsTer=&IntCurrentPage=1&ter_valid=0\" target=\"_blank\">gasoline</a>, <a href=\"http://ec.europa.eu/eurostat/ramon/nomenclatures/index.cfm?TargetUrl=DSP_GLOSSARY_NOM_DTL_VIEW&StrNom=CODED2&StrLanguageCode=EN&IntKey=16477835&RdoSearch=CONTAIN&TxtSearch=diesel%20oil&CboTheme=36940303&IsTer=&IntCurrentPage=1&ter_valid=0\" target=\"_blank\">diesel oil</a>, <a href=\"http://ec.europa.eu/eurostat/ramon/nomenclatures/index.cfm?TargetUrl=DSP_GLOSSARY_NOM_DTL_VIEW&StrNom=CODED2&StrLanguageCode=EN&IntKey=33013161&RdoSearch=CONTAIN&TxtSearch=fuel%20oil&CboTheme=36940303&IsTer=&IntCurrentPage=1&ter_valid=0\" target=\"_blank\">fuel oil</a>, <a href=\"http://ec.europa.eu/eurostat/ramon/nomenclatures/index.cfm?TargetUrl=DSP_GLOSSARY_NOM_DTL_VIEW&StrNom=CODED2&StrLanguageCode=EN&IntKey=16516535&RdoSearch=CONTAIN&TxtSearch=lubricants&CboTheme=36940303&IsTer=&IntCurrentPage=1&ter_valid=0\" target=\"_blank\">lubricants</a>, etc.) in refineries or during the production of petrochemicals (chemical products derived from petroleum) in the petrochemical industry.</div>",
  "T2_6_1": "<div class=\"content\"><a href=\"http://ec.europa.eu/eurostat/ramon/nomenclatures/index.cfm?TargetUrl=DSP_GLOSSARY_NOM_DTL_VIEW&StrNom=CODED2&StrLanguageCode=EN&IntKey=16501635&RdoSearch=CONTAIN&TxtSearch=refineries&CboTheme=36940303&IsTer=&IntCurrentPage=1&ter_valid=0\" target=\"_blank\"><b>Transformation - Refineries</b></a> is the transformation of <a href=\"http://ec.europa.eu/eurostat/ramon/nomenclatures/index.cfm?TargetUrl=DSP_GLOSSARY_NOM_DTL_VIEW&StrNom=CODED2&StrLanguageCode=EN&IntKey=16445285&RdoSearch=BEGIN&TxtSearch=crude%20oil&CboTheme=36940303&IsTer=&IntCurrentPage=1&ter_valid=0\" target=\"_blank\">crude oil</a> and other intermediary products into refined petroleum products (like <a href=\"http://ec.europa.eu/eurostat/ramon/nomenclatures/index.cfm?TargetUrl=DSP_GLOSSARY_NOM_DTL_VIEW&StrNom=CODED2&StrLanguageCode=EN&IntKey=16652035&RdoSearch=BEGIN&TxtSearch=gasoline&CboTheme=36940303&IsTer=&IntCurrentPage=1&ter_valid=0\" target=\"_blank\">gasoline</a>, <a href=\"http://ec.europa.eu/eurostat/ramon/nomenclatures/index.cfm?TargetUrl=DSP_GLOSSARY_NOM_DTL_VIEW&StrNom=CODED2&StrLanguageCode=EN&IntKey=16477835&RdoSearch=CONTAIN&TxtSearch=diesel%20oil&CboTheme=36940303&IsTer=&IntCurrentPage=1&ter_valid=0\" target=\"_blank\">diesel oil</a>, <a href=\"http://ec.europa.eu/eurostat/ramon/nomenclatures/index.cfm?TargetUrl=DSP_GLOSSARY_NOM_DTL_VIEW&StrNom=CODED2&StrLanguageCode=EN&IntKey=33013161&RdoSearch=CONTAIN&TxtSearch=fuel%20oil&CboTheme=36940303&IsTer=&IntCurrentPage=1&ter_valid=0\" target=\"_blank\">fuel oil</a>, <a href=\"http://ec.europa.eu/eurostat/ramon/nomenclatures/index.cfm?TargetUrl=DSP_GLOSSARY_NOM_DTL_VIEW&StrNom=CODED2&StrLanguageCode=EN&IntKey=16516535&RdoSearch=CONTAIN&TxtSearch=lubricants&CboTheme=36940303&IsTer=&IntCurrentPage=1&ter_valid=0\" target=\"_blank\">lubricants</a>, etc.).</div>",
  "T2_6_2": "<div class=\"content\"><a href=\"http://ec.europa.eu/eurostat/ramon/nomenclatures/index.cfm?TargetUrl=DSP_GLOSSARY_NOM_DTL_VIEW&StrNom=CODED2&StrLanguageCode=EN&IntKey=16501635&RdoSearch=CONTAIN&TxtSearch=refineries&CboTheme=36940303&IsTer=&IntCurrentPage=1&ter_valid=0\" target=\"_blank\"><b>Transformation - Petrochemical industry</b></a> is the transformation of energy carriers during the production of petrochemicals (chemical products derived from petroleum) in the petrochemical industry.</div>",
  "T2_6_3": "<div class=\"content\"><b>Transformation - Refineries and petrochemical industry - Other</b> covers other transformations of energy carriers in the refinery and petrochemical sector which are not covered in the previous sectors.</div>",
  "T2_7": "<div class=\"content\"><a href=\"http://ec.europa.eu/eurostat/ramon/nomenclatures/index.cfm?TargetUrl=DSP_GLOSSARY_NOM_DTL_VIEW&StrNom=CODED2&StrLanguageCode=EN&IntKey=33015576&RdoSearch=CONTAIN&TxtSearch=BKB&CboTheme=36940303&IsTer=&IntCurrentPage=1&ter_valid=0\" target=\"_blank\"><b>Transformation - BKB / PB Plants</b></a> are plants used to produce <a href=\"http://ec.europa.eu/eurostat/ramon/nomenclatures/index.cfm?TargetUrl=DSP_GLOSSARY_NOM_DTL_VIEW&StrNom=CODED2&StrLanguageCode=EN&IntKey=33014631&RdoSearch=BEGIN&TxtSearch=bkb&CboTheme=36940303&IsTer=&IntCurrentPage=1&ter_valid=0\" target=\"_blank\">brown coal briquettes</a> and <a href=\"http://ec.europa.eu/eurostat/ramon/nomenclatures/index.cfm?TargetUrl=DSP_GLOSSARY_NOM_DTL_VIEW&StrNom=CODED2&StrLanguageCode=EN&IntKey=33014596&RdoSearch=CONTAIN&TxtSearch=peat&CboTheme=36940303&IsTer=&IntCurrentPage=1&ter_valid=0\" target=\"_blank\">peat briquettes</a>, which are bricks composed of shredded <a href=\"http://ec.europa.eu/eurostat/ramon/nomenclatures/index.cfm?TargetUrl=DSP_GLOSSARY_NOM_DTL_VIEW&StrNom=CODED2&StrLanguageCode=EN&IntKey=22541817&RdoSearch=BEGIN&TxtSearch=peat&CboTheme=36940303&IsTer=&IntCurrentPage=1&ter_valid=0\" target=\"_blank\">peat</a> or <a href=\"http://ec.europa.eu/eurostat/ramon/nomenclatures/index.cfm?TargetUrl=DSP_GLOSSARY_NOM_DTL_VIEW&StrNom=CODED2&StrLanguageCode=EN&IntKey=22541767&RdoSearch=BEGIN&TxtSearch=lignite&CboTheme=36940303&IsTer=&IntCurrentPage=1&ter_valid=0\" target=\"_blank\">brown coal</a>, compressed to form a slow-burning, easily stored and transported fuel.</div>",
  "T2_8": "<div class=\"content\"><a href=\"http://ec.europa.eu/eurostat/ramon/nomenclatures/index.cfm?TargetUrl=DSP_GLOSSARY_NOM_DTL_VIEW&StrNom=CODED2&StrLanguageCode=EN&IntKey=16501285&RdoSearch=CONTAIN&TxtSearch=transformation%20input&CboTheme=36940303&IsTer=&IntCurrentPage=1&ter_valid=0\" target=\"_blank\"><b>Transformation - Coke Ovens</b></a> is the transformation of coal into <a href=\"http://ec.europa.eu/eurostat/ramon/nomenclatures/index.cfm?TargetUrl=DSP_GLOSSARY_NOM_DTL_VIEW&StrNom=CODED2&StrLanguageCode=EN&IntKey=22541917&RdoSearch=BEGIN&TxtSearch=coke&CboTheme=36940303&IsTer=&IntCurrentPage=1&ter_valid=0\" target=\"_blank\">coke-oven-coke</a>, which is the most important raw material for <a href=\"http://ec.europa.eu/eurostat/ramon/nomenclatures/index.cfm?TargetUrl=DSP_GLOSSARY_NOM_DTL_VIEW&StrNom=CODED2&StrLanguageCode=EN&IntKey=16501235&RdoSearch=CONTAIN&TxtSearch=blast-furnace&CboTheme=36940303&IsTer=&IntCurrentPage=1&ter_valid=0\" target=\"_blank\">blast furnaces</a> and some other by-products such as coke oven gas.</div>",
  "T2_9": "<div class=\"content\"><a href=\"http://ec.europa.eu/eurostat/ramon/nomenclatures/index.cfm?TargetUrl=DSP_GLOSSARY_NOM_DTL_VIEW&StrNom=CODED2&StrLanguageCode=EN&IntKey=16501235&RdoSearch=CONTAIN&TxtSearch=blast-furnace&CboTheme=36940303&IsTer=&IntCurrentPage=1&ter_valid=0\" target=\"_blank\"><b>Transformation - Blast-furnaces</b></a> is the transformation of <a href=\"http://ec.europa.eu/eurostat/ramon/nomenclatures/index.cfm?TargetUrl=DSP_GLOSSARY_NOM_DTL_VIEW&StrNom=CODED2&StrLanguageCode=EN&IntKey=22541917&RdoSearch=BEGIN&TxtSearch=coke&CboTheme=36940303&IsTer=&IntCurrentPage=1&ter_valid=0\" target=\"_blank\">coke-oven-coke</a> into <a href=\"http://ec.europa.eu/eurostat/ramon/nomenclatures/index.cfm?TargetUrl=DSP_GLOSSARY_NOM_DTL_VIEW&StrNom=CODED2&StrLanguageCode=EN&IntKey=16424385&RdoSearch=CONTAIN&TxtSearch=blast%20furnace%20gas&CboTheme=36940303&IsTer=&IntCurrentPage=1&ter_valid=0\" target=\"_blank\">blast furnace gas</a>, a by-product of coal consumed in blast furnaces in the reduction process of iron ores.</div>",
  "T2_10": "<div class=\"content\"><a href=\"http://ec.europa.eu/eurostat/ramon/nomenclatures/index.cfm?TargetUrl=DSP_GLOSSARY_NOM_DTL_VIEW&StrNom=CODED2&StrLanguageCode=EN&IntKey=16501435&RdoSearch=CONTAIN&TxtSearch=gas-works&CboTheme=36940303&IsTer=&IntCurrentPage=1&ter_valid=0\" target=\"_blank\"><b>Transformation - Gas works</b></a> is the transformation of fuels into <a href=\"http://ec.europa.eu/eurostat/ramon/nomenclatures/index.cfm?TargetUrl=DSP_GLOSSARY_NOM_DTL_VIEW&StrNom=CODED2&StrLanguageCode=EN&IntKey=33013021&RdoSearch=CONTAIN&TxtSearch=gas%20works%20gas&CboTheme=36940303&IsTer=&IntCurrentPage=1&ter_valid=0\" target=\"_blank\">gas works gas</a>, which is a flammable gas.</div>",
  "T2_11": "<div class=\"content\"><b>Electricity and heat generation</b> includes the production of electricity and/or heat, including <a href=\"http://ec.europa.eu/eurostat/ramon/nomenclatures/index.cfm?TargetUrl=DSP_GLOSSARY_NOM_DTL_VIEW&StrNom=CODED2&StrLanguageCode=EN&IntKey=16576935&RdoSearch=BEGIN&TxtSearch=renewable&CboTheme=36940303&IsTer=&IntCurrentPage=1&ter_valid=0\" target=\"_blank\">renewable energies</a>, like <a href=\"http://ec.europa.eu/eurostat/ramon/nomenclatures/index.cfm?TargetUrl=DSP_GLOSSARY_NOM_DTL_VIEW&StrNom=CODED2&StrLanguageCode=EN&IntKey=16493335&RdoSearch=BEGIN&TxtSearch=renewable&CboTheme=36940303&IsTer=&ter_valid=0&IntCurrentPage=1\" target=\"_blank\">hydro power</a>, <a href=\"http://ec.europa.eu/eurostat/ramon/nomenclatures/index.cfm?TargetUrl=DSP_GLOSSARY_NOM_DTL_VIEW&StrNom=CODED2&StrLanguageCode=EN&IntKey=16623435&RdoSearch=BEGIN&TxtSearch=renewable&CboTheme=36940303&IsTer=&ter_valid=0&IntCurrentPage=1\" target=\"_blank\">wind power</a> and <a href=\"http://ec.europa.eu/eurostat/ramon/nomenclatures/index.cfm?TargetUrl=DSP_GLOSSARY_NOM_DTL_VIEW&StrNom=CODED2&StrLanguageCode=EN&IntKey=22543617&RdoSearch=CONTAIN&TxtSearch=solar%20photo&CboTheme=36940303&IsTer=&IntCurrentPage=1&ter_valid=0\" target=\"_blank\">solar photovoltaic</a>, which are transformed into <a href=\"#\" onclick=\"flowboxNameSpace.glossaryFlow('E7000','Electricity');\">electricity</a>, or the energy transformed in nuclear or thermal power plants (e.g. burning of oil, coal, gas and biofuels) to produce <a href=\"#\" onclick=\"flowboxNameSpace.glossaryFlow('E7000','Electricity');\">electricity</a> and/or <a href=\"#\" onclick=\"flowboxNameSpace.glossaryFlow('H8000','Heat');\">heat</a>, or <b>District heating plants</b>, which are central locations used to produce <a href=\"http://ec.europa.eu/eurostat/ramon/nomenclatures/index.cfm?TargetUrl=DSP_GLOSSARY_NOM_DTL_VIEW&StrNom=CODED2&StrLanguageCode=EN&IntKey=16549835&RdoSearch=CONTAIN&TxtSearch=district%20heating%20plants&CboTheme=36940303&IsTer=&IntCurrentPage=1&ter_valid=0\" target=\"_blank\">district heat</a> that is distributed through a network and may be used for process or space heating purposes.</div>",
  "N2_11_1": "<div class=\"content\"><b>Electricity and heat generation input</b> is the input of energy carriers for the production of electricity and/or heat, including <a href=\"http://ec.europa.eu/eurostat/ramon/nomenclatures/index.cfm?TargetUrl=DSP_GLOSSARY_NOM_DTL_VIEW&StrNom=CODED2&StrLanguageCode=EN&IntKey=16576935&RdoSearch=BEGIN&TxtSearch=renewable&CboTheme=36940303&IsTer=&IntCurrentPage=1&ter_valid=0\" target=\"_blank\">renewable energies</a>, like <a href=\"http://ec.europa.eu/eurostat/ramon/nomenclatures/index.cfm?TargetUrl=DSP_GLOSSARY_NOM_DTL_VIEW&StrNom=CODED2&StrLanguageCode=EN&IntKey=16493335&RdoSearch=BEGIN&TxtSearch=renewable&CboTheme=36940303&IsTer=&ter_valid=0&IntCurrentPage=1\" target=\"_blank\">hydro power</a>, <a href=\"http://ec.europa.eu/eurostat/ramon/nomenclatures/index.cfm?TargetUrl=DSP_GLOSSARY_NOM_DTL_VIEW&StrNom=CODED2&StrLanguageCode=EN&IntKey=16623435&RdoSearch=BEGIN&TxtSearch=renewable&CboTheme=36940303&IsTer=&ter_valid=0&IntCurrentPage=1\" target=\"_blank\">wind power</a> and <a href=\"http://ec.europa.eu/eurostat/ramon/nomenclatures/index.cfm?TargetUrl=DSP_GLOSSARY_NOM_DTL_VIEW&StrNom=CODED2&StrLanguageCode=EN&IntKey=22543617&RdoSearch=CONTAIN&TxtSearch=solar%20photo&CboTheme=36940303&IsTer=&IntCurrentPage=1&ter_valid=0\" target=\"_blank\">solar photovoltaic</a>, which are transformed into <a href=\"#\" onclick=\"flowboxNameSpace.glossaryFlow('E7000','Electricity');\">electricity</a>, or the input of energy into nuclear or thermal power plants (e.g. burning of oil, coal, gas and biofuels) to produce <a href=\"#\" onclick=\"flowboxNameSpace.glossaryFlow('E7000','Electricity');\">electricity</a> and/or <a href=\"#\" onclick=\"flowboxNameSpace.glossaryFlow('H8000','Heat');\">heat</a>, or <b>District heating plants</b>, which are central locations used to produce <a href=\"http://ec.europa.eu/eurostat/ramon/nomenclatures/index.cfm?TargetUrl=DSP_GLOSSARY_NOM_DTL_VIEW&StrNom=CODED2&StrLanguageCode=EN&IntKey=16549835&RdoSearch=CONTAIN&TxtSearch=district%20heating%20plants&CboTheme=36940303&IsTer=&IntCurrentPage=1&ter_valid=0\" target=\"_blank\">district heat</a> that is distributed through a network and may be used for process or space heating purposes.</div>",
  "N2_11_2": "<div class=\"content\"><b>Electricity and heat generation output</b> is the output of <a href=\"#\" onclick=\"flowboxNameSpace.glossaryFlow('E7000','Electricity');\">electricity</a> and/or <a href=\"#\" onclick=\"flowboxNameSpace.glossaryFlow('H8000','Heat');\">heat</a> from <a href=\"http://ec.europa.eu/eurostat/ramon/nomenclatures/index.cfm?TargetUrl=DSP_GLOSSARY_NOM_DTL_VIEW&StrNom=CODED2&StrLanguageCode=EN&IntKey=16576935&RdoSearch=BEGIN&TxtSearch=renewable&CboTheme=36940303&IsTer=&IntCurrentPage=1&ter_valid=0\" target=\"_blank\">renewable energies</a>, like <a href=\"http://ec.europa.eu/eurostat/ramon/nomenclatures/index.cfm?TargetUrl=DSP_GLOSSARY_NOM_DTL_VIEW&StrNom=CODED2&StrLanguageCode=EN&IntKey=16493335&RdoSearch=BEGIN&TxtSearch=renewable&CboTheme=36940303&IsTer=&ter_valid=0&IntCurrentPage=1\" target=\"_blank\">hydro power</a>, <a href=\"http://ec.europa.eu/eurostat/ramon/nomenclatures/index.cfm?TargetUrl=DSP_GLOSSARY_NOM_DTL_VIEW&StrNom=CODED2&StrLanguageCode=EN&IntKey=16623435&RdoSearch=BEGIN&TxtSearch=renewable&CboTheme=36940303&IsTer=&ter_valid=0&IntCurrentPage=1\" target=\"_blank\">wind power</a> and <a href=\"http://ec.europa.eu/eurostat/ramon/nomenclatures/index.cfm?TargetUrl=DSP_GLOSSARY_NOM_DTL_VIEW&StrNom=CODED2&StrLanguageCode=EN&IntKey=22543617&RdoSearch=CONTAIN&TxtSearch=solar%20photo&CboTheme=36940303&IsTer=&IntCurrentPage=1&ter_valid=0\" target=\"_blank\">solar photovoltaic</a>, from nuclear or thermal power plants (e.g. burning of oil, coal, gas and biofuels) or from <b>District heating plants</b>, which are central locations used to produce <a href=\"http://ec.europa.eu/eurostat/ramon/nomenclatures/index.cfm?TargetUrl=DSP_GLOSSARY_NOM_DTL_VIEW&StrNom=CODED2&StrLanguageCode=EN&IntKey=16549835&RdoSearch=CONTAIN&TxtSearch=district%20heating%20plants&CboTheme=36940303&IsTer=&IntCurrentPage=1&ter_valid=0\" target=\"_blank\">district heat</a> that is distributed through a network and may be used for process or space heating purposes.</div>",
  "T2_11_1": "<div class=\"content\"><b>Electricity only</b> includes the production of electricity (without producing heat), including <a href=\"http://ec.europa.eu/eurostat/ramon/nomenclatures/index.cfm?TargetUrl=DSP_GLOSSARY_NOM_DTL_VIEW&StrNom=CODED2&StrLanguageCode=EN&IntKey=16576935&RdoSearch=BEGIN&TxtSearch=renewable&CboTheme=36940303&IsTer=&IntCurrentPage=1&ter_valid=0\" target=\"_blank\">renewable energies</a>, like <a href=\"http://ec.europa.eu/eurostat/ramon/nomenclatures/index.cfm?TargetUrl=DSP_GLOSSARY_NOM_DTL_VIEW&StrNom=CODED2&StrLanguageCode=EN&IntKey=16493335&RdoSearch=BEGIN&TxtSearch=renewable&CboTheme=36940303&IsTer=&ter_valid=0&IntCurrentPage=1\" target=\"_blank\">hydro power</a>, <a href=\"http://ec.europa.eu/eurostat/ramon/nomenclatures/index.cfm?TargetUrl=DSP_GLOSSARY_NOM_DTL_VIEW&StrNom=CODED2&StrLanguageCode=EN&IntKey=16623435&RdoSearch=BEGIN&TxtSearch=renewable&CboTheme=36940303&IsTer=&ter_valid=0&IntCurrentPage=1\" target=\"_blank\">wind power</a> and <a href=\"http://ec.europa.eu/eurostat/ramon/nomenclatures/index.cfm?TargetUrl=DSP_GLOSSARY_NOM_DTL_VIEW&StrNom=CODED2&StrLanguageCode=EN&IntKey=22543617&RdoSearch=CONTAIN&TxtSearch=solar%20photo&CboTheme=36940303&IsTer=&IntCurrentPage=1&ter_valid=0\" target=\"_blank\">solar photovoltaic</a>, which are transformed into <a href=\"#\" onclick=\"flowboxNameSpace.glossaryFlow('E7000','Electricity');\">electricity</a>, or the energy transformed in nuclear or thermal power plants (e.g. burning of oil, coal, gas and biofuels) to produce <a href=\"#\" onclick=\"flowboxNameSpace.glossaryFlow('E7000','Electricity');\">electricity</a>.</div>",
  "T2_11_2": "<div class=\"content\"><b>Combined heat and power</b> includes the combined production of electricity and heat, including nuclear or thermal power plants (e.g. burning of oil, coal, gas and biofuels) to produce a combination of both <a href=\"#\" onclick=\"flowboxNameSpace.glossaryFlow('E7000','Electricity');\">electricity</a> and <a href=\"#\" onclick=\"flowboxNameSpace.glossaryFlow('H8000','Heat');\">heat</a>.</div>",
  "T2_11_3": "<div class=\"content\"><b>Heat only</b> includes the production of heat (without producing electricity), including e.g. <b>district heating plants</b>, which are central locations used to produce <a href=\"http://ec.europa.eu/eurostat/ramon/nomenclatures/index.cfm?TargetUrl=DSP_GLOSSARY_NOM_DTL_VIEW&StrNom=CODED2&StrLanguageCode=EN&IntKey=16549835&RdoSearch=CONTAIN&TxtSearch=district%20heating%20plants&CboTheme=36940303&IsTer=&IntCurrentPage=1&ter_valid=0\" target=\"_blank\">district heat</a> that is distributed through a network and may be used for process or space heating purposes.</div>",
  "T2_11_4": "<div class=\"content\"><b>Other</b> includes the production of electricity and/or heat in transformation processes not covered in the rest of categories.</div>",
  "T2_12": "<div class=\"content\"><b>Other transformation</b> includes, among other, the following categories: <a href=\"http://ec.europa.eu/eurostat/ramon/nomenclatures/index.cfm?TargetUrl=DSP_GLOSSARY_NOM_DTL_VIEW&StrNom=CODED2&StrLanguageCode=EN&IntKey=16555085&RdoSearch=BEGIN&TxtSearch=patent&CboTheme=36940303&IsTer=&IntCurrentPage=1&ter_valid=0\" target=\"_blank\">patent fuel</a> plants,  <a href=\"http://ec.europa.eu/eurostat/ramon/nomenclatures/index.cfm?TargetUrl=DSP_GLOSSARY_NOM_DTL_VIEW&StrNom=CODED2&StrLanguageCode=EN&IntKey=33015611&RdoSearch=CONTAIN&TxtSearch=coal%20liquefaction&CboTheme=36940303&IsTer=&IntCurrentPage=1&ter_valid=0\" target=\"_blank\">coal liquefaction plants</a>, <a href=\"http://ec.europa.eu/eurostat/ramon/nomenclatures/index.cfm?TargetUrl=DSP_GLOSSARY_NOM_DTL_VIEW&StrNom=CODED2&StrLanguageCode=EN&IntKey=33015646&RdoSearch=CONTAIN&TxtSearch=for%20blended%20natural%20gas&CboTheme=36940303&IsTer=&IntCurrentPage=1&ter_valid=0\" target=\"_blank\">for blended natural gas</a>, <a href=\"http://ec.europa.eu/eurostat/ramon/nomenclatures/index.cfm?TargetUrl=DSP_GLOSSARY_NOM_DTL_VIEW&StrNom=CODED2&StrLanguageCode=EN&IntKey=16651535&RdoSearch=CONTAIN&TxtSearch=charcoal&CboTheme=36940303&IsTer=&IntCurrentPage=1&ter_valid=0\" target=\"_blank\">charcoal</a> production plants (transformation), <a href=\"http://ec.europa.eu/eurostat/ramon/nomenclatures/index.cfm?TargetUrl=DSP_GLOSSARY_NOM_DTL_VIEW&StrNom=CODED2&StrLanguageCode=EN&IntKey=33015716&RdoSearch=CONTAIN&TxtSearch=gas-to-liquids&CboTheme=36940303&IsTer=&IntCurrentPage=1&ter_valid=0\" target=\"_blank\"> gas-to-liquids (GTL) plants </a>  (transformation), <a href=\"http://ec.europa.eu/eurostat/ramon/nomenclatures/index.cfm?TargetUrl=DSP_GLOSSARY_NOM_DTL_VIEW&StrNom=CODED2&StrLanguageCode=EN&IntKey=33015786&RdoSearch=CONTAIN&TxtSearch=non-specified%20transformation&CboTheme=36940303&IsTer=&IntCurrentPage=1&ter_valid=0\" target=\"_blank\">non-specified transformation input</a>.</div>",
  "N3": "<div class=\"content\"><b>Transformation backflow</b> includes all energy commodities that are obtained as outputs from transformation processes but are used as an input to other transformation processes, for example fuels returned from the petrochemical sector to refineries for further processing/blending.</div>",
  "E4": "<div class=\"content\"><b> Transformation losses</b> represent energy not accounted (lost) during the transformation processes. It is calculated as the differences between total input and total output of each transformation flow. </div>",
  "N2_2": "<div class=\"content\"><a href=\"http://ec.europa.eu/eurostat/ramon/nomenclatures/index.cfm?TargetUrl=DSP_GLOSSARY_NOM_DTL_VIEW&StrNom=CODED2&StrLanguageCode=EN&IntKey=33016136&RdoSearch=CONTAIN&TxtSearch=transformation%20output&CboTheme=36940303&IsTer=&IntCurrentPage=1&ter_valid=0\" target=\"_blank\"><b>Transformation output</b></a> is the sum of energy obtained as a result of all transformation processes (for example, refined petroleum products from a refinery or <a href=\"#\" onclick=\"flowboxNameSpace.glossaryFlow('E7000','Electricity');\">electricity</a> from a power plant).</div>",
  "N6": "<div class=\"content\"><b>Available after transformation</b> is the addition of <a href=\"#\" onclick=\"nodeboxNameSpace.glossaryNode('N5');\">direct carry-over</a> and net transformation output (i.e. <a href=\"#\" onclick=\"nodeboxNameSpace.glossaryNode('N2_2');\">transformation output</a> minus the <a href=\"#\" onclick=\"nodeboxNameSpace.glossaryNode('N3');\">backflow</a>) and thus represents energy quantities that are available for use.</div>",
  "E6_2": "<div class=\"content\"><b>Stock build</b> is the energy stored in storage facilities (e.g. <a href=\"http://ec.europa.eu/eurostat/ramon/nomenclatures/index.cfm?TargetUrl=DSP_GLOSSARY_NOM_DTL_VIEW&StrNom=CODED2&StrLanguageCode=EN&IntKey=16477785&RdoSearch=BEGIN&TxtSearch=&CboTheme=36940303&IsTer=&IntCurrentPage=8&ter_valid=0\" target=\"_blank\">gas</a> storage vessels). It represents a negative variation of <a href=\"http://ec.europa.eu/eurostat/ramon/nomenclatures/index.cfm?TargetUrl=DSP_GLOSSARY_NOM_DTL_VIEW&StrNom=CODED2&StrLanguageCode=EN&IntKey=16596635&RdoSearch=CONTAIN&TxtSearch=stock&CboTheme=36940303&IsTer=&IntCurrentPage=1&ter_valid=0\" target=\"_blank\">stock changes</a>.</div>",
  "E6_3": "<div class=\"content\"><a href=\"http://ec.europa.eu/eurostat/ramon/nomenclatures/index.cfm?TargetUrl=DSP_GLOSSARY_NOM_DTL_VIEW&StrNom=CODED2&StrLanguageCode=EN&IntKey=33012286&RdoSearch=CONTAIN&TxtSearch=export&CboTheme=36940303&IsTer=&IntCurrentPage=1&ter_valid=0\" target=\"_blank\"><b>Exports</b></a> represent energy quantities produced or transformed in the considered territory which are sent abroad.</div>",
  "E6_4": "<div class=\"content\"><a href=\"http://ec.europa.eu/eurostat/ramon/nomenclatures/index.cfm?TargetUrl=DSP_GLOSSARY_NOM_DTL_VIEW&StrNom=CODED2&StrLanguageCode=EN&IntKey=33013756&RdoSearch=CONTAIN&TxtSearch=bunkers&CboTheme=36940303&IsTer=&IntCurrentPage=1&ter_valid=0\" target=\"_blank\"><b>International marine bunkers</b></a> represent fuel consumption of ships during international navigation. </div>",
  "E6_5": "<div class=\"content\"><a href=\"http://ec.europa.eu/eurostat/ramon/nomenclatures/index.cfm?TargetUrl=DSP_GLOSSARY_NOM_DTL_VIEW&StrNom=CODED2&StrLanguageCode=EN&IntKey=33016486&RdoSearch=CONTAIN&TxtSearch=B_10130&CboTheme=36940303&IsTer=&IntCurrentPage=1&ter_valid=0\" target=\"_blank\"><b>Consumption of the energy branch</b></a>  is the energy consumed to operate installations for energy production and transformation.</div>",
  "E6_5_1": "<div class=\"content\"><a href=\"http://ec.europa.eu/eurostat/ramon/nomenclatures/index.cfm?TargetUrl=DSP_GLOSSARY_NOM_DTL_VIEW&StrNom=CODED2&StrLanguageCode=EN&IntKey=33016486&RdoSearch=CONTAIN&TxtSearch=B_10130&CboTheme=36940303&IsTer=&IntCurrentPage=1&ter_valid=0\" target=\"_blank\"><b>Consumption of the energy branch - Electricity and heat generation</b></a> is the energy consumed to operate installations for the production of electricity and heat.</div>",
  "E6_5_2": "<div class=\"content\"><a href=\"http://ec.europa.eu/eurostat/ramon/nomenclatures/index.cfm?TargetUrl=DSP_GLOSSARY_NOM_DTL_VIEW&StrNom=CODED2&StrLanguageCode=EN&IntKey=33016486&RdoSearch=CONTAIN&TxtSearch=B_10130&CboTheme=36940303&IsTer=&IntCurrentPage=1&ter_valid=0\" target=\"_blank\"><b>Consumption of the energy branch - Coal mines</b></a> is the energy consumed to operate installations for energy production and transformation in coal mines.</div>",
  "E6_5_3": "<div class=\"content\"><a href=\"http://ec.europa.eu/eurostat/ramon/nomenclatures/index.cfm?TargetUrl=DSP_GLOSSARY_NOM_DTL_VIEW&StrNom=CODED2&StrLanguageCode=EN&IntKey=33016486&RdoSearch=CONTAIN&TxtSearch=B_10130&CboTheme=36940303&IsTer=&IntCurrentPage=1&ter_valid=0\" target=\"_blank\"><b>Consumption of the energy branch - Oil and natural gas extraction plants</b></a> is the energy consumed to operate installations for energy production and transformation in oil and natural gas extraction plants.</div>",
  "E6_5_4": "<div class=\"content\"><a href=\"http://ec.europa.eu/eurostat/ramon/nomenclatures/index.cfm?TargetUrl=DSP_GLOSSARY_NOM_DTL_VIEW&StrNom=CODED2&StrLanguageCode=EN&IntKey=33016486&RdoSearch=CONTAIN&TxtSearch=B_10130&CboTheme=36940303&IsTer=&IntCurrentPage=1&ter_valid=0\" target=\"_blank\"><b>Consumption of the energy branch - Patent fuel plants</b></a> is the energy consumed to operate installations for energy production and transformation in patent fuel plants.</div>",
  "E6_5_5": "<div class=\"content\"><a href=\"http://ec.europa.eu/eurostat/ramon/nomenclatures/index.cfm?TargetUrl=DSP_GLOSSARY_NOM_DTL_VIEW&StrNom=CODED2&StrLanguageCode=EN&IntKey=33016486&RdoSearch=CONTAIN&TxtSearch=B_10130&CboTheme=36940303&IsTer=&IntCurrentPage=1&ter_valid=0\" target=\"_blank\"><b>Consumption of the energy branch - Coke ovens</b></a> is the energy consumed to operate installations for energy production and transformation in coke ovens.</div>",
  "E6_5_6": "<div class=\"content\"><a href=\"http://ec.europa.eu/eurostat/ramon/nomenclatures/index.cfm?TargetUrl=DSP_GLOSSARY_NOM_DTL_VIEW&StrNom=CODED2&StrLanguageCode=EN&IntKey=33016486&RdoSearch=CONTAIN&TxtSearch=B_10130&CboTheme=36940303&IsTer=&IntCurrentPage=1&ter_valid=0\" target=\"_blank\"><b>Consumption of the energy branch - Brown coal briquettes and peat briquettes plants,</b></a> is the energy consumed to operate installations for energy production and transformation in brown coal briquettes and peat briquettes plants.</div>",
  "E6_5_7": "<div class=\"content\"><a href=\"http://ec.europa.eu/eurostat/ramon/nomenclatures/index.cfm?TargetUrl=DSP_GLOSSARY_NOM_DTL_VIEW&StrNom=CODED2&StrLanguageCode=EN&IntKey=33016486&RdoSearch=CONTAIN&TxtSearch=B_10130&CboTheme=36940303&IsTer=&IntCurrentPage=1&ter_valid=0\" target=\"_blank\"><b>Consumption of the energy branch - Gas works</b></a> is the energy consumed to operate installations for energy production and transformation in gas works.</div>",
  "E6_5_8": "<div class=\"content\"><a href=\"http://ec.europa.eu/eurostat/ramon/nomenclatures/index.cfm?TargetUrl=DSP_GLOSSARY_NOM_DTL_VIEW&StrNom=CODED2&StrLanguageCode=EN&IntKey=33016486&RdoSearch=CONTAIN&TxtSearch=B_10130&CboTheme=36940303&IsTer=&IntCurrentPage=1&ter_valid=0\" target=\"_blank\"><b>Consumption of the energy branch - Blast furnaces</b></a> is the energy consumed to operate installations for energy production and transformation in blast furnaces.</div>",
  "E6_5_9": "<div class=\"content\"><a href=\"http://ec.europa.eu/eurostat/ramon/nomenclatures/index.cfm?TargetUrl=DSP_GLOSSARY_NOM_DTL_VIEW&StrNom=CODED2&StrLanguageCode=EN&IntKey=33016486&RdoSearch=CONTAIN&TxtSearch=B_10130&CboTheme=36940303&IsTer=&IntCurrentPage=1&ter_valid=0\" target=\"_blank\"><b>Consumption of the energy branch - Oil refineries</b></a> is the energy consumed to operate installations for energy production and transformation in oil refineries.</div>",
  "E6_5_10": "<div class=\"content\"><a href=\"http://ec.europa.eu/eurostat/ramon/nomenclatures/index.cfm?TargetUrl=DSP_GLOSSARY_NOM_DTL_VIEW&StrNom=CODED2&StrLanguageCode=EN&IntKey=33016486&RdoSearch=CONTAIN&TxtSearch=B_10130&CboTheme=36940303&IsTer=&IntCurrentPage=1&ter_valid=0\" target=\"_blank\"><b>Consumption of the energy branch - Nuclear industry</b></a> is the energy consumed to operate installations for energy production and transformation in nuclear installations.</div>",
  "E6_5_11": "<div class=\"content\"><a href=\"http://ec.europa.eu/eurostat/ramon/nomenclatures/index.cfm?TargetUrl=DSP_GLOSSARY_NOM_DTL_VIEW&StrNom=CODED2&StrLanguageCode=EN&IntKey=33016486&RdoSearch=CONTAIN&TxtSearch=B_10130&CboTheme=36940303&IsTer=&IntCurrentPage=1&ter_valid=0\" target=\"_blank\"><b>Consumption of the energy branch - Coal liquefaction plants</b></a> is the energy consumed to operate installations for energy production and transformation in coal liquefaction plants.</div>",
  "E6_5_12": "<div class=\"content\"><a href=\"http://ec.europa.eu/eurostat/ramon/nomenclatures/index.cfm?TargetUrl=DSP_GLOSSARY_NOM_DTL_VIEW&StrNom=CODED2&StrLanguageCode=EN&IntKey=33016486&RdoSearch=CONTAIN&TxtSearch=B_10130&CboTheme=36940303&IsTer=&IntCurrentPage=1&ter_valid=0\" target=\"_blank\"><b>Consumption of the energy branch - Liquefaction and regasification plants (LNG)</b></a> is the energy consumed to operate installations for energy production and transformation in liquefaction and regasification plants (LNG).</div>",
  "E6_5_13": "<div class=\"content\"><a href=\"http://ec.europa.eu/eurostat/ramon/nomenclatures/index.cfm?TargetUrl=DSP_GLOSSARY_NOM_DTL_VIEW&StrNom=CODED2&StrLanguageCode=EN&IntKey=33016486&RdoSearch=CONTAIN&TxtSearch=B_10130&CboTheme=36940303&IsTer=&IntCurrentPage=1&ter_valid=0\" target=\"_blank\"><b>Consumption of the energy branch - Gasification plants for biogas</b></a> is the energy consumed to operate installations for energy production and transformation in gasification plants for biogas.</div>",
  "E6_5_14": "<div class=\"content\"><a href=\"http://ec.europa.eu/eurostat/ramon/nomenclatures/index.cfm?TargetUrl=DSP_GLOSSARY_NOM_DTL_VIEW&StrNom=CODED2&StrLanguageCode=EN&IntKey=33016486&RdoSearch=CONTAIN&TxtSearch=B_10130&CboTheme=36940303&IsTer=&IntCurrentPage=1&ter_valid=0\" target=\"_blank\"><b>Consumption of the energy branch - Gas-to-liquids plants</b></a> is the energy consumed to operate installations for energy production and transformation in gas-to-liquids plants.</div>",
  "E6_5_15": "<div class=\"content\"><a href=\"http://ec.europa.eu/eurostat/ramon/nomenclatures/index.cfm?TargetUrl=DSP_GLOSSARY_NOM_DTL_VIEW&StrNom=CODED2&StrLanguageCode=EN&IntKey=33016486&RdoSearch=CONTAIN&TxtSearch=B_10130&CboTheme=36940303&IsTer=&IntCurrentPage=1&ter_valid=0\" target=\"_blank\"><b>Consumption of the energy branch - Charcoal production plants</b></a> is the energy consumed to operate installations for energy production and transformation in charcoal production plants.</div>",
  "E6_5_16": "<div class=\"content\"><a href=\"http://ec.europa.eu/eurostat/ramon/nomenclatures/index.cfm?TargetUrl=DSP_GLOSSARY_NOM_DTL_VIEW&StrNom=CODED2&StrLanguageCode=EN&IntKey=33016486&RdoSearch=CONTAIN&TxtSearch=B_10130&CboTheme=36940303&IsTer=&IntCurrentPage=1&ter_valid=0\" target=\"_blank\"><b>Consumption of the energy branch - Not elsewhere specified</b></a> is the energy consumed to operate installations for energy production and transformation in other energy branch sectors.</div>",
  "E6_6": "<div class=\"content\"><a href=\"http://ec.europa.eu/eurostat/ramon/nomenclatures/index.cfm?TargetUrl=DSP_GLOSSARY_NOM_DTL_VIEW&StrNom=CODED2&StrLanguageCode=EN&IntKey=34198843&RdoSearch=CONTAIN&TxtSearch=B_101400&CboTheme=36940303&IsTer=&IntCurrentPage=1&ter_valid=0\" target=\"_blank\"><b>Distribution and transmission losses</b> </a> include, for instance, energy losses due to transport or distribution of <a href=\"#\" onclick=\"flowboxNameSpace.glossaryFlow('E7000','Electricity');\">electricity</a>, heat, gas, as well as pipeline losses.</div>",
  "E6_7": "<div class=\"content\"><a href=\"http://ec.europa.eu/eurostat/ramon/nomenclatures/index.cfm?TargetUrl=DSP_GLOSSARY_NOM_DTL_VIEW&StrNom=CODED2&StrLanguageCode=EN&IntKey=34199753&RdoSearch=CONTAIN&TxtSearch=101931%20&CboTheme=36940303&IsTer=&IntCurrentPage=1&ter_valid=0\" target=\"_blank\"><b>International aviation</b></a> covers quantities of aviation fuels delivered to aircraft for international aviation (e.g. <a href=\"http://ec.europa.eu/eurostat/ramon/nomenclatures/index.cfm?TargetUrl=DSP_GLOSSARY_NOM_DTL_VIEW&StrNom=CODED2&StrLanguageCode=EN&IntKey=33013266&RdoSearch=CONTAIN&TxtSearch=kerosene&CboTheme=36940303&IsTer=&IntCurrentPage=1&ter_valid=0\" target=\"_blank\">jet kerosene</a> consumption during international flights).</div>",
  "E6_8": "<div class=\"content\"><b>Statistical difference - outflow</b> represents the positive <a href=\"http://ec.europa.eu/eurostat/ramon/nomenclatures/index.cfm?TargetUrl=DSP_GLOSSARY_NOM_DTL_VIEW&StrNom=CODED2&StrLanguageCode=EN&IntKey=34200138&RdoSearch=CONTAIN&TxtSearch=B_102200&CboTheme=36940303&IsTer=&IntCurrentPage=1&ter_valid=0\" target=\"_blank\"><b>statistical difference</b></a>, that is the positive difference between the <a href=\"http://ec.europa.eu/eurostat/ramon/nomenclatures/index.cfm?TargetUrl=DSP_GLOSSARY_NOM_DTL_VIEW&StrNom=CODED2&StrLanguageCode=EN&IntKey=34198878&RdoSearch=CONTAIN&TxtSearch=B_101500&CboTheme=36940303&IsTer=&IntCurrentPage=1&ter_valid=0\" target=\"_blank\"><b> energy available for final consumption</a> and <a href=\"#\" onclick=\"nodeboxNameSpace.glossaryNode('N6_1');\">final consumption</a>.</div>",
  "N6_1": "<div class=\"content\"><b>Final consumption</b> is the addition of <a href=\"#\" onclick=\"nodeboxNameSpace.glossaryNode('N6_1_2');\">final non-energy consumption</a> and <a href=\" http://ec.europa.eu/eurostat/ramon/nomenclatures/index.cfm?TargetUrl=DSP_GLOSSARY_NOM_DTL_VIEW&StrNom=CODED2&StrLanguageCode=EN&IntKey=34199123&RdoSearch=CONTAIN&TxtSearch=final%20energy%20consumption&CboTheme=36940303&IsTer=&IntCurrentPage=1&ter_valid=0\" target=\"_blank\">final energy consumption</a>.</div>",
  "N6_1_2": "<div class=\"content\"><b>Final non-energy consumption</b> covers certain fuels used for non-energy purposes, for instance oil used as timber preservative.</div>",
  "E6_1_2_1": "<div class=\"content\"><a href=\"http://ec.europa.eu/eurostat/ramon/nomenclatures/index.cfm?TargetUrl=DSP_GLOSSARY_NOM_DTL_VIEW&StrNom=CODED2&StrLanguageCode=EN&IntKey=34198983&RdoSearch=CONTAIN&TxtSearch=B_101605&CboTheme=36940303&IsTer=&IntCurrentPage=1&ter_valid=0\" target=\"_blank\"><b>Final non-energy consumption - Industry</b></a> covers quantities used for non-energy purposes in the industry sector, for instance coal used to make methanol or ammonia.</div>",
  "E6_1_2_2": "<div class=\"content\"><a href=\"http://ec.europa.eu/eurostat/ramon/nomenclatures/index.cfm?TargetUrl=DSP_GLOSSARY_NOM_DTL_VIEW&StrNom=CODED2&StrLanguageCode=EN&IntKey=34199018&RdoSearch=CONTAIN&TxtSearch=B_101606&CboTheme=36940303&IsTer=&IntCurrentPage=1&ter_valid=0\" target=\"_blank\"><b>Final non-energy consumption - Transport</b></a> covers quantities used for non-energy purposes in the transport sector, for instance <a href=\"http://ec.europa.eu/eurostat/ramon/nomenclatures/index.cfm?TargetUrl=DSP_GLOSSARY_NOM_DTL_VIEW&StrNom=CODED2&StrLanguageCode=EN&IntKey=16516535&RdoSearch=CONTAIN&TxtSearch=lubricants&CboTheme=36940303&IsTer=&IntCurrentPage=1&ter_valid=0\" target=\"_blank\">lubricants</a> for cars.</div>",
  "E6_1_2_3": "<div class=\"content\"><b> Final non-energy consumption - Other sectors </b> covers quantities used for non-energy purposes, for example, in the <a href=\"http://ec.europa.eu/eurostat/ramon/nomenclatures/index.cfm?TargetUrl=DSP_GLOSSARY_NOM_DTL_VIEW&StrNom=CODED2&StrLanguageCode=EN&IntKey=34198948&RdoSearch=BEGIN&TxtSearch=non&CboTheme=36940303&IsTer=&IntCurrentPage=1&ter_valid=0\" target=\"_blank\">energy sector</a>, in the <a href=\"http://ec.europa.eu/eurostat/ramon/nomenclatures/index.cfm?TargetUrl=DSP_GLOSSARY_NOM_DTL_VIEW&StrNom=CODED2&StrLanguageCode=EN&IntKey=34198913&RdoSearch=BEGIN&TxtSearch=non&CboTheme=36940303&IsTer=&IntCurrentPage=1&ter_valid=0\" target=\"_blank\">transformation sector</a> and in <a href=\"http://ec.europa.eu/eurostat/ramon/nomenclatures/index.cfm?TargetUrl=DSP_GLOSSARY_NOM_DTL_VIEW&StrNom=CODED2&StrLanguageCode=EN&IntKey=34199053&RdoSearch=BEGIN&TxtSearch=non&CboTheme=36940303&IsTer=&IntCurrentPage=1&ter_valid=0\" target=\"_blank\">other sectors</a>, for instance asphalt in road construction.</div>",
  "N6_1_1": "<div class=\"content\"><a href=\"http://ec.europa.eu/eurostat/ramon/nomenclatures/index.cfm?TargetUrl=DSP_GLOSSARY_NOM_DTL_VIEW&StrNom=CODED2&StrLanguageCode=EN&IntKey=34199123&RdoSearch=CONTAIN&TxtSearch=final%20energy%20consumption&CboTheme=36940303&IsTer=&IntCurrentPage=1&ter_valid=0\" target=\"_blank\"><b>Final energy consumption</b></a> covers all fuels used for energy purposes in the industry (e.g. steam used to support industrial plant activities), transport (e.g. <a href=\"http://ec.europa.eu/eurostat/ramon/nomenclatures/index.cfm?TargetUrl=DSP_GLOSSARY_NOM_DTL_VIEW&StrNom=CODED2&StrLanguageCode=EN&IntKey=16652035&RdoSearch=BEGIN&TxtSearch=gasoline&CboTheme=36940303&IsTer=&IntCurrentPage=1&ter_valid=0\" target=\"_blank\">motor gasoline</a> used in vehicles), residential (e.g. <a href=\"#\" onclick=\"flowboxNameSpace.glossaryFlow('E7000','Electricity');\">electricity</a> used at home), commercial/services (e.g. <a href=\"http://ec.europa.eu/eurostat/ramon/nomenclatures/index.cfm?TargetUrl=DSP_GLOSSARY_NOM_DTL_VIEW&StrNom=CODED2&StrLanguageCode=EN&IntKey=16528485&RdoSearch=BEGIN&TxtSearch=&CboTheme=36940303&IsTer=&ter_valid=0&IntCurrentPage=8\" target=\"_blank\">natural gas</a> used for heating a public school), agriculture (e.g. <a href=\"http://ec.europa.eu/eurostat/ramon/nomenclatures/index.cfm?TargetUrl=DSP_GLOSSARY_NOM_DTL_VIEW&StrNom=CODED2&StrLanguageCode=EN&IntKey=16477835&RdoSearch=CONTAIN&TxtSearch=diesel%20oil&CboTheme=36940303&IsTer=&IntCurrentPage=1&ter_valid=0\" target=\"_blank\">diesel oil</a> used in tractors), fishing (e.g. fuels used by coastal fishing boats) and other sectors (e.g. military energy use). </div>",
  "N6_1_1_1": "<div class=\"content\"><a href=\"http://ec.europa.eu/eurostat/ramon/nomenclatures/index.cfm?TargetUrl=DSP_GLOSSARY_NOM_DTL_VIEW&StrNom=CODED2&StrLanguageCode=EN&IntKey=34199158&RdoSearch=CONTAIN&TxtSearch=final%20energy%20consumption&CboTheme=36940303&IsTer=&IntCurrentPage=1&ter_valid=0\" target=\"_blank\"><b>Final energy consumption – Industry</b></a> covers all fuels used for energy purposes in the industry sector (e.g. steam used to support industrial plant activities).</div>",
  "E6_1_1_1_1": "<div class=\"content\"><a href=\"http://ec.europa.eu/eurostat/ramon/nomenclatures/index.cfm?TargetUrl=DSP_GLOSSARY_NOM_DTL_VIEW&StrNom=CODED2&StrLanguageCode=EN&IntKey=34199193&RdoSearch=CONTAIN&TxtSearch=iron%20and%20&CboTheme=36940303&IsTer=&IntCurrentPage=1&ter_valid=0\" target=\"_blank\"><b>Final energy consumption – Industry - Iron and Steel</b></a> covers all fuels used for energy purposes in the iron and steel industry (e.g. steam used to support a blast furnace).</div>",
  "E6_1_1_1_2": "<div class=\"content\"><a href=\"http://ec.europa.eu/eurostat/ramon/nomenclatures/index.cfm?TargetUrl=DSP_GLOSSARY_NOM_DTL_VIEW&StrNom=CODED2&StrLanguageCode=EN&IntKey=34199263&RdoSearch=CONTAIN&TxtSearch=chemical&CboTheme=36940303&IsTer=&IntCurrentPage=1&ter_valid=0\" target=\"_blank\"><b>Final energy consumption – Industry - Chemical and Petrochemical</b></a> covers all fuels used for energy purposes in the chemical and petrochemical industry (e.g. petroleum products used as a fuel in a refinery).</div>",
  "E6_1_1_1_3": "<div class=\"content\"><a href=\"http://ec.europa.eu/eurostat/ramon/nomenclatures/index.cfm?TargetUrl=DSP_GLOSSARY_NOM_DTL_VIEW&StrNom=CODED2&StrLanguageCode=EN&IntKey=34199228&RdoSearch=CONTAIN&TxtSearch=metals&CboTheme=36940303&IsTer=&IntCurrentPage=1&ter_valid=0\" target=\"_blank\"><b>Final energy consumption – Industry - Non-Ferrous Metals</b></a> covers all fuels used for energy purposes in the non-ferrous metals industry (e.g. fuel oil used to heat bauxite in the aluminium industry)</div>",
  "E6_1_1_1_4": "<div class=\"content\"><a href=\"http://ec.europa.eu/eurostat/ramon/nomenclatures/index.cfm?TargetUrl=DSP_GLOSSARY_NOM_DTL_VIEW&StrNom=CODED2&StrLanguageCode=EN&IntKey=34199298&RdoSearch=CONTAIN&TxtSearch=minerals&CboTheme=36940303&IsTer=&IntCurrentPage=1&ter_valid=0\" target=\"_blank\"><b>Final energy consumption – Industry - Non-Metallic Minerals</b></a> covers all fuels used for energy purposes in the non- metallic minerals industry (e.g. coal used to heat limestone and clay in the cement industry).</div>",
  "E6_1_1_1_5": "<div class=\"content\"><a href=\"http://ec.europa.eu/eurostat/ramon/nomenclatures/index.cfm?TargetUrl=DSP_GLOSSARY_NOM_DTL_VIEW&StrNom=CODED2&StrLanguageCode=EN&IntKey=34199473&RdoSearch=CONTAIN&TxtSearch=transport%20equipment&CboTheme=36940303&IsTer=&IntCurrentPage=1&ter_valid=0\" target=\"_blank\"><b>Final energy consumption – Industry - Transport Equipment</b></a> covers all fuels used for energy purposes to manufacture motor vehicles, ships, trains, planes and other (e.g. <a href=\"#\" onclick=\"flowboxNameSpace.glossaryFlow('E7000','Electricity');\">electricity</a> used to power a robot in a car manufacturing company).</div>",
  "E6_1_1_1_6": "<div class=\"content\"><a href=\"http://ec.europa.eu/eurostat/ramon/nomenclatures/index.cfm?TargetUrl=DSP_GLOSSARY_NOM_DTL_VIEW&StrNom=CODED2&StrLanguageCode=EN&IntKey=34199508&RdoSearch=CONTAIN&TxtSearch=machinery&CboTheme=36940303&IsTer=&IntCurrentPage=1&ter_valid=0\" target=\"_blank\"><b>Final energy consumption – Industry - Machinery</b></a> covers all fuels used for energy purposes to manufacture machinery, computers, optical and electrical equipment, etc. or the (e.g. <a href=\"#\" onclick=\"flowboxNameSpace.glossaryFlow('E7000','Electricity');\">electricity</a> used to power a robot in a computer chip manufacturing company).</div>",
  "E6_1_1_1_7": "<div class=\"content\"><a href=\"http://ec.europa.eu/eurostat/ramon/nomenclatures/index.cfm?TargetUrl=DSP_GLOSSARY_NOM_DTL_VIEW&StrNom=CODED2&StrLanguageCode=EN&IntKey=34199333&RdoSearch=CONTAIN&TxtSearch=mining&CboTheme=36940303&IsTer=&IntCurrentPage=1&ter_valid=0\" target=\"_blank\"><b>Final energy consumption – Industry - Mining and Quarrying</b></a> covers all fuels used for energy purposes in the ore-extraction industry (e.g. fuel used to power a rock crusher machine in a granite quarry plant).</div>",
  "E6_1_1_1_8": "<div class=\"content\"><a href=\"http://ec.europa.eu/eurostat/ramon/nomenclatures/index.cfm?TargetUrl=DSP_GLOSSARY_NOM_DTL_VIEW&StrNom=CODED2&StrLanguageCode=EN&IntKey=34199368&RdoSearch=CONTAIN&TxtSearch=food&CboTheme=36940303&IsTer=&IntCurrentPage=1&ter_valid=0\" target=\"_blank\"><b>Final energy consumption – Industry - Food and Tobacco</b></a> covers all fuels used for energy purposes in the food and tobacco industry (e.g. steam used in a UHT treatment to sterilise dairy products in the milk industry).</div>",
  "E6_1_1_1_9": "<div class=\"content\"><a href=\"http://ec.europa.eu/eurostat/ramon/nomenclatures/index.cfm?TargetUrl=DSP_GLOSSARY_NOM_DTL_VIEW&StrNom=CODED2&StrLanguageCode=EN&IntKey=34199438&RdoSearch=CONTAIN&TxtSearch=paper&CboTheme=36940303&IsTer=&IntCurrentPage=1&ter_valid=0\" target=\"_blank\"><b>Final energy consumption – Industry - Paper, Pulp and Print</b></a> covers all fuels used for energy purposes in the paper, pulp and print industry (e.g. <a href=\"#\" onclick=\"flowboxNameSpace.glossaryFlow('E7000','Electricity');\">electricity</a> used to power a belt conveyor in a paper manufacturing company).</div>",
  "E6_1_1_1_10": "<div class=\"content\"><a href=\"http://ec.europa.eu/eurostat/ramon/nomenclatures/index.cfm?TargetUrl=DSP_GLOSSARY_NOM_DTL_VIEW&StrNom=CODED2&StrLanguageCode=EN&IntKey=34199543&RdoSearch=CONTAIN&TxtSearch=wood&CboTheme=36940303&IsTer=&IntCurrentPage=1&ter_valid=0\" target=\"_blank\"><b>Final energy consumption – Industry - Wood and Wood Products</b></a> covers all fuels used for energy purposes to manufacture wood and wood products, excluding paper (e.g. <a href=\"#\" onclick=\"flowboxNameSpace.glossaryFlow('E7000','Electricity');\">electricity</a> used to power a wood-saw for the production of assembled parquet floors)</div>",
  "E6_1_1_1_11": "<div class=\"content\"><a href=\"http://ec.europa.eu/eurostat/ramon/nomenclatures/index.cfm?TargetUrl=DSP_GLOSSARY_NOM_DTL_VIEW&StrNom=CODED2&StrLanguageCode=EN&IntKey=34199578&RdoSearch=CONTAIN&TxtSearch=construction&CboTheme=36940303&IsTer=&IntCurrentPage=1&ter_valid=0\" target=\"_blank\"><b>Final energy consumption – Industry - Construction</b></a> covers all fuels used for energy purposes in the construction, demolition and civil engineering sectors (e.g. <a href=\"http://ec.europa.eu/eurostat/ramon/nomenclatures/index.cfm?TargetUrl=DSP_GLOSSARY_NOM_DTL_VIEW&StrNom=CODED2&StrLanguageCode=EN&IntKey=16652035&RdoSearch=BEGIN&TxtSearch=gasoline&CboTheme=36940303&IsTer=&IntCurrentPage=1&ter_valid=0\" target=\"_blank\">gasoline</a> used to power a demolition bulldozer).</div>",
  "E6_1_1_1_12": "<div class=\"content\"><a href=\"http://ec.europa.eu/eurostat/ramon/nomenclatures/index.cfm?TargetUrl=DSP_GLOSSARY_NOM_DTL_VIEW&StrNom=CODED2&StrLanguageCode=EN&IntKey=34199403&RdoSearch=CONTAIN&TxtSearch=textile&CboTheme=36940303&IsTer=&IntCurrentPage=1&ter_valid=0\" target=\"_blank\"><b>Final energy consumption – Industry - Textile and Leather</b></a> covers all fuels used for energy purposes in the textile and leather industry (e.g. <a href=\"#\" onclick=\"flowboxNameSpace.glossaryFlow('E7000','Electricity');\">electricity</a> used to power a leather drying machine).</div>",
  "E6_1_1_1_13": "<div class=\"content\"><a href=\"http://ec.europa.eu/eurostat/ramon/nomenclatures/index.cfm?TargetUrl=DSP_GLOSSARY_NOM_DTL_VIEW&StrNom=CODED2&StrLanguageCode=EN&IntKey=34199613&RdoSearch=CONTAIN&TxtSearch=industry&CboTheme=36940303&IsTer=&IntCurrentPage=1&ter_valid=0\" target=\"_blank\"><b>Final energy consumption – Industry - Non-specified (Industry)</b></a> covers all fuels used for energy purposes in other not covered industry sectors.</div>",
  "N6_1_1_2": "<div class=\"content\"><a href=\"http://ec.europa.eu/eurostat/ramon/nomenclatures/index.cfm?TargetUrl=DSP_GLOSSARY_NOM_DTL_VIEW&StrNom=CODED2&StrLanguageCode=EN&IntKey=34199648&RdoSearch=CONTAIN&TxtSearch=101900&CboTheme=36940303&IsTer=&IntCurrentPage=1&ter_valid=0\" target=\"_blank\"><b>Final energy consumption - Transport</b></a> covers the energy used for all transport activities (e.g. <a href=\"#\" onclick=\"flowboxNameSpace.glossaryFlow('E7000','Electricity');\">electricity</a> in rail, liquid <a href=\"http://ec.europa.eu/eurostat/ramon/nomenclatures/index.cfm?TargetUrl=DSP_GLOSSARY_NOM_DTL_VIEW&StrNom=CODED2&StrLanguageCode=EN&IntKey=25375039&RdoSearch=BEGIN&TxtSearch=&CboTheme=36940303&IsTer=&IntCurrentPage=8&ter_valid=0\" target=\"_blank\">fossil fuels</a> in road, kerosene in aviation, fuel oil in domestic navigation, etc.).</div>",
  "E6_1_1_2_1": "<div class=\"content\"><a href=\"http://ec.europa.eu/eurostat/ramon/nomenclatures/index.cfm?TargetUrl=DSP_GLOSSARY_NOM_DTL_VIEW&StrNom=CODED2&StrLanguageCode=EN&IntKey=34199683&RdoSearch=CONTAIN&TxtSearch=10191&CboTheme=36940303&IsTer=&IntCurrentPage=1&ter_valid=0\" target=\"_blank\"><b>Final energy consumption – Transport - Rail</b></a> covers the energy used for rail transport activities (e.g. <a href=\"#\" onclick=\"flowboxNameSpace.glossaryFlow('E7000','Electricity');\">electricity</a> in rail traffic or electrified urban transport systems).</div>",
  "E6_1_1_2_2": "<div class=\"content\"><a href=\"http://ec.europa.eu/eurostat/ramon/nomenclatures/index.cfm?TargetUrl=DSP_GLOSSARY_NOM_DTL_VIEW&StrNom=CODED2&StrLanguageCode=EN&IntKey=34199718&RdoSearch=CONTAIN&TxtSearch=10192&CboTheme=36940303&IsTer=&IntCurrentPage=1&ter_valid=0\" target=\"_blank\"><b>Final energy consumption – Transport - Road</b></a> covers the energy used for the propulsion of road vehicles (e.g. <a href=\"http://ec.europa.eu/eurostat/ramon/nomenclatures/index.cfm?TargetUrl=DSP_GLOSSARY_NOM_DTL_VIEW&StrNom=CODED2&StrLanguageCode=EN&IntKey=16652035&RdoSearch=BEGIN&TxtSearch=gasoline&CboTheme=36940303&IsTer=&IntCurrentPage=1&ter_valid=0\" target=\"_blank\">gasoline</a> or <a href=\"http://ec.europa.eu/eurostat/ramon/nomenclatures/index.cfm?TargetUrl=DSP_GLOSSARY_NOM_DTL_VIEW&StrNom=CODED2&StrLanguageCode=EN&IntKey=16477835&RdoSearch=CONTAIN&TxtSearch=diesel%20oil&CboTheme=36940303&IsTer=&IntCurrentPage=1&ter_valid=0\" target=\"_blank\">diesel oil</a> for cars).</div>",
  "E6_1_1_2_4": "<div class=\"content\"><a href=\"http://ec.europa.eu/eurostat/ramon/nomenclatures/index.cfm?TargetUrl=DSP_GLOSSARY_NOM_DTL_VIEW&StrNom=CODED2&StrLanguageCode=EN&IntKey=34199788&RdoSearch=CONTAIN&TxtSearch=101932%20%20&CboTheme=36940303&IsTer=&IntCurrentPage=1&ter_valid=0\" target=\"_blank\"><b>Final energy consumption – Transport - Domestic aviation</b></a> covers quantities of aviation fuels delivered to aircraft for domestic aviation (e.g. <a href=\"http://ec.europa.eu/eurostat/ramon/nomenclatures/index.cfm?TargetUrl=DSP_GLOSSARY_NOM_DTL_VIEW&StrNom=CODED2&StrLanguageCode=EN&IntKey=33013266&RdoSearch=CONTAIN&TxtSearch=kerosene&CboTheme=36940303&IsTer=&IntCurrentPage=1&ter_valid=0\" target=\"_blank\">jet kerosene</a> consumption during domestic flights).</div>",
  "E6_1_1_2_5": "<div class=\"content\"><a href=\"http://ec.europa.eu/eurostat/ramon/nomenclatures/index.cfm?TargetUrl=DSP_GLOSSARY_NOM_DTL_VIEW&StrNom=CODED2&StrLanguageCode=EN&IntKey=34199823&RdoSearch=CONTAIN&TxtSearch=101940&CboTheme=36940303&IsTer=&IntCurrentPage=1&ter_valid=0\" target=\"_blank\"><b>Final energy consumption – Transport - Domestic Navigation</b></a> covers quantities delivered to vessels of all flags not engaged in international navigation (e.g. <a href=\"http://ec.europa.eu/eurostat/ramon/nomenclatures/index.cfm?TargetUrl=DSP_GLOSSARY_NOM_DTL_VIEW&StrNom=CODED2&StrLanguageCode=EN&IntKey=33013161&RdoSearch=CONTAIN&TxtSearch=fuel%20oil&CboTheme=36940303&IsTer=&IntCurrentPage=1&ter_valid=0\" target=\"_blank\">fuel oil</a> consumed by a ship in a journey between 2 ports of the same country).</div>",
  "E6_1_1_2_6": "<div class=\"content\"><a href=\"http://ec.europa.eu/eurostat/ramon/nomenclatures/index.cfm?TargetUrl=DSP_GLOSSARY_NOM_DTL_VIEW&StrNom=CODED2&StrLanguageCode=EN&IntKey=34199858&RdoSearch=CONTAIN&TxtSearch=101945&CboTheme=36940303&IsTer=&IntCurrentPage=1&ter_valid=0\" target=\"_blank\"><b>Final energy consumption – Transport - Consumption in Pipeline transport</b></a> covers the energy used to support and operate pipelines transporting gases, liquids and other commodities (e.g. energy used to pump <a href=\"http://ec.europa.eu/eurostat/ramon/nomenclatures/index.cfm?TargetUrl=DSP_GLOSSARY_NOM_DTL_VIEW&StrNom=CODED2&StrLanguageCode=EN&IntKey=16528485&RdoSearch=CONTAIN&TxtSearch=natural%20gas&CboTheme=36940303&IsTer=&IntCurrentPage=1&ter_valid=0\" target=\"_blank\">natural gas</a> through a pipeline).</div>",
  "E6_1_1_2_7": "<div class=\"content\"><a href=\"http://ec.europa.eu/eurostat/ramon/nomenclatures/index.cfm?TargetUrl=DSP_GLOSSARY_NOM_DTL_VIEW&StrNom=CODED2&StrLanguageCode=EN&IntKey=34199893&RdoSearch=CONTAIN&TxtSearch=101950&CboTheme=36940303&IsTer=&IntCurrentPage=1&ter_valid=0\" target=\"_blank\"><b>Final energy consumption – Transport - Non-specified (Transport)</b></a> covers quantities used for transport activities not covered elsewhere (e.g. fuels used in ports for ships' unloaders).</div>",
  "N6_1_1_3": "<div class=\"content\"><a href=\"http://ec.europa.eu/eurostat/ramon/nomenclatures/index.cfm?TargetUrl=DSP_GLOSSARY_NOM_DTL_VIEW&StrNom=CODED2&StrLanguageCode=EN&IntKey=34199928&RdoSearch=CONTAIN&TxtSearch=102000&CboTheme=36940303&IsTer=&IntCurrentPage=1&ter_valid=0\" target=\"_blank\"><b>Final energy consumption – Other sectors</b></a> covers quantities consumed by sectors not belonging to energy, industry or transport (e.g. energy consumed in private households, commerce, administrative bodies, etc.).</div>",
  "E6_1_1_3_1": "<div class=\"content\"><a href=\"http://ec.europa.eu/eurostat/ramon/nomenclatures/index.cfm?TargetUrl=DSP_GLOSSARY_NOM_DTL_VIEW&StrNom=CODED2&StrLanguageCode=EN&IntKey=34200068&RdoSearch=CONTAIN&TxtSearch=102035&CboTheme=36940303&IsTer=&IntCurrentPage=1&ter_valid=0\" target=\"_blank\"><b>Final energy consumption - Other Sectors - Services</b></a> covers energy consumed by business and offices in the public and private sectors (e.g. <a href=\"#\" onclick=\"flowboxNameSpace.glossaryFlow('E7000','Electricity');\">electricity</a> consumed by a public administrative building or heating oil consumed in a private school).</div>",
  "E6_1_1_3_2": "<div class=\"content\"><a href=\"http://ec.europa.eu/eurostat/ramon/nomenclatures/index.cfm?TargetUrl=DSP_GLOSSARY_NOM_DTL_VIEW&StrNom=CODED2&StrLanguageCode=EN&IntKey=34199963&RdoSearch=CONTAIN&TxtSearch=102010&CboTheme=36940303&IsTer=&IntCurrentPage=1&ter_valid=0\" target=\"_blank\"><b>Final energy consumption - Other Sectors - Households</b></a> covers energy consumed by all households (e.g. <a href=\"#\" onclick=\"flowboxNameSpace.glossaryFlow('E7000','Electricity');\">electricity</a> for lighting and powering domestic appliances, heating fuels like <a href=\"http://ec.europa.eu/eurostat/ramon/nomenclatures/index.cfm?TargetUrl=DSP_GLOSSARY_NOM_DTL_VIEW&StrNom=CODED2&StrLanguageCode=EN&IntKey=16477785&RdoSearch=BEGIN&TxtSearch=&CboTheme=36940303&IsTer=&IntCurrentPage=8&ter_valid=0\" target=\"_blank\">gas</a>, wood or <a href=\"http://ec.europa.eu/eurostat/ramon/nomenclatures/index.cfm?TargetUrl=DSP_GLOSSARY_NOM_DTL_VIEW&StrNom=CODED2&StrLanguageCode=EN&IntKey=16477835&RdoSearch=CONTAIN&TxtSearch=diesel%20oil&CboTheme=36940303&IsTer=&IntCurrentPage=1&ter_valid=0\" target=\"_blank\">gasoil</a>, etc.).</div>",
  "E6_1_1_3_3": "<div class=\"content\"><a href=\"http://ec.europa.eu/eurostat/ramon/nomenclatures/index.cfm?TargetUrl=DSP_GLOSSARY_NOM_DTL_VIEW&StrNom=CODED2&StrLanguageCode=EN&IntKey=34200033&RdoSearch=CONTAIN&TxtSearch=102030&CboTheme=36940303&IsTer=&IntCurrentPage=1&ter_valid=0\" target=\"_blank\"><b>Final energy consumption - Other Sectors - Agriculture/Forestry</b></a> covers energy consumed for agriculture, hunting and forestry (e.g. <a href=\"http://ec.europa.eu/eurostat/ramon/nomenclatures/index.cfm?TargetUrl=DSP_GLOSSARY_NOM_DTL_VIEW&StrNom=CODED2&StrLanguageCode=EN&IntKey=16477835&RdoSearch=CONTAIN&TxtSearch=diesel%20oil&CboTheme=36940303&IsTer=&IntCurrentPage=1&ter_valid=0\" target=\"_blank\">diesel</a> consumed by tractors).</div>",
  "E6_1_1_3_4": "<div class=\"content\"><a href=\"http://ec.europa.eu/eurostat/ramon/nomenclatures/index.cfm?TargetUrl=DSP_GLOSSARY_NOM_DTL_VIEW&StrNom=CODED2&StrLanguageCode=EN&IntKey=34199998&RdoSearch=CONTAIN&TxtSearch=102020&CboTheme=36940303&IsTer=&IntCurrentPage=1&ter_valid=0\" target=\"_blank\"><b>Final energy consumption - Other Sectors - Fishing</b></a> covers energy consumed for inland, coastal and deep-sea fishing (e.g. <a href=\"http://ec.europa.eu/eurostat/ramon/nomenclatures/index.cfm?TargetUrl=DSP_GLOSSARY_NOM_DTL_VIEW&StrNom=CODED2&StrLanguageCode=EN&IntKey=33013161&RdoSearch=CONTAIN&TxtSearch=fuel%20oil&CboTheme=36940303&IsTer=&IntCurrentPage=1&ter_valid=0\" target=\"_blank\">fuel oil</a> consumed by a fishing boat).</div>",
  "E6_1_1_3_5": "<div class=\"content\"><a href=\"http://ec.europa.eu/eurostat/ramon/nomenclatures/index.cfm?TargetUrl=DSP_GLOSSARY_NOM_DTL_VIEW&StrNom=CODED2&StrLanguageCode=EN&IntKey=34200103&RdoSearch=CONTAIN&TxtSearch=102040&CboTheme=36940303&IsTer=&IntCurrentPage=1&ter_valid=0\" target=\"_blank\"><b>Final energy consumption - Other Sectors - Non-specified (Other)</b></a> consists of final energy consumption not classified under any other code (e.g. military energy use).</div>",
  "XXXXX": "<div class=\"content\"><a href=\"URL\" target=\"_blank\">TITLE LINK</a>TEXT</div>"
}
