{
  "EU28_IS_K": "European Union28 (28 countries)",
  "EU27_2020": "European Union (27 countries)",
  "EU28": "European Union (28 countries)",
  "EA19": "Euro area (19 countries)",
  "EA": "Euro area",
  "BE": "Belgium",
  "BG": "Bulgaria",
  "CZ": "Czechia",
  "DK": "Denmark",
  "DE": "Germany",
  "DEmobile": "Germany",
  "EE": "Estonia",
  "IE": "Ireland",
  "EL": "Greece",
  "ES": "Spain",
  "FR": "France",
  "HR": "Croatia",
  "IT": "Italy",
  "CY": "Cyprus",
  "LV": "Latvia",
  "LT": "Lithuania",
  "LI": "Liechtenstein",
  "LU": "Luxembourg",
  "HU": "Hungary",
  "MT": "Malta",
  "NL": "Netherlands",
  "AT": "Austria",
  "PL": "Poland",
  "PT": "Portugal",
  "RO": "Romania",
  "SI": "Slovenia",
  "SK": "Slovakia",
  "FI": "Finland",
  "SE": "Sweden",
  "UK": "United Kingdom",
  "IS": "Iceland",
  "NO": "Norway",
  "CH": "Switzerland",
  "ME": "Montenegro",
  "MK": "North Macedonia",
  "AL": "Albania",
  "RS": "Serbia",
  "TR": "Türkiye",
  "AD": "Andorra",
  "BY": "Belarus",
  "BA": "Bosnia and Herzegovina",
  "GI": "Gibraltar (UK)",
  "XK": "Kosovo (UNSCR 1244/99) ",
  "XKmobile": "Kosovo (UNSCR 1244/99) ",
  "MD": "Moldova",
  "RU": "Russia",
  "UA": "Ukraine",
  "AO": "Angola",
  "CM": "Cameroon",
  "CG": "Congo",
  "CD": "Democratic Republic of the Congo",
  "GQ": "Equatorial Guinea",
  "GA": "Gabon",
  "ST": "São Tomé and Príncipe",
  "DJ": "Djibouti",
  "ER": "Eritrea",
  "ET": "Ethiopia",
  "KE": "Kenya",
  "MG": "Madagascar",
  "MU": "Mauritius",
  "MZ": "Mozambique",
  "UG": "Uganda",
  "TZ": "Tanzania",
  "DZ": "Algeria",
  "EG": "Egypt",
  "LY": "Libya",
  "MA": "Morocco",
  "SD": "Sudan",
  "TN": "Tunisia",
  "NA": "Namibia",
  "ZA": "South Africa",
  "BJ": "Benin",
  "CV": "Cabo Verde",
  "CI": "Côte d'Ivoire",
  "GH": "Ghana",
  "GW": "Guinea-Bissau",
  "LR": "Liberia",
  "MR": "Mauritania",
  "NG": "Nigeria",
  "SN": "Senegal",
  "SL": "Sierra Leone",
  "TG": "Togo",
  "CA": "Canada",
  "US": "United States",
  "AW": "Aruba (NL)",
  "BS": "Bahamas",
  "BB": "Barbados",
  "CU": "Cuba",
  "CW": "Curaçao",
  "DO": "Dominican Republic",
  "JM": "Jamaica",
  "TT": "Trinidad and Tobago",
  "CR": "Costa Rica",
  "GT": "Guatemala",
  "HN": "Honduras",
  "MX": "Mexico",
  "PA": "Panama",
  "AR": "Argentina",
  "BO": "Bolivia",
  "BR": "Brazil",
  "CL": "Chile",
  "CO": "Colombia",
  "EC": "Ecuador",
  "PE": "Peru",
  "UY": "Uruguay",
  "VE": "Venezuela",
  "KZ": "Kazakhstan",
  "KG": "Kyrgyzstan",
  "TM": "Turkmenistan",
  "UZ": "Uzbekistan",
  "CN": "China including Hong Kong",
  "HK": "Hong Kong",
  "JP": "Japan",
  "MN": "Mongolia",
  "KP": "North Korea",
  "KR": "South Korea",
  "TW": "Taiwan",
  "BD": "Bangladesh",
  "IN": "India",
  "IR": "Iran",
  "NP": "Nepal",
  "PK": "Pakistan",
  "LK": "Sri Lanka",
  "KH": "Cambodia",
  "ID": "Indonesia",
  "MY": "Malaysia",
  "MM": "Myanmar/Burma",
  "PH": "Philippines",
  "SG": "Singapore",
  "TH": "Thailand",
  "TL": "Timor-Leste",
  "VN": "Vietnam",
  "AM": "Armenia",
  "AZ": "Azerbaijan",
  "BH": "Bahrain",
  "GE": "Georgia",
  "IQ": "Iraq",
  "IL": "Israel",
  "JO": "Jordan",
  "KW": "Kuwait",
  "LB": "Lebanon",
  "OM": "Oman",
  "QA": "Qatar",
  "SA": "Saudi Arabia",
  "SY": "Syria",
  "AE": "United Arab Emirates",
  "YE": "Yemen",
  "AU": "Australia",
  "NZ": "New Zealand",
  "NC": "New Caledonia (FR)",
  "PG": "Papua New Guinea",
  "MH": "Marshall Islands",
  "BN": "Brunei Darussalam",


  "FEC_DT2020": "Final energy consumption - distance to 2020 target",
  "FEC_DT2030": "Final energy consumption - distance to 2030 target",
  "PEC_DT2020": "Primary energy consumption - distance to 2020 target",
  "PEC_DT2030": "Primary energy consumption - distance to 2030 target",
  "EI_GDP_PPS": "Energy intensity of GDP in purchasing power standards (PPS)",
  "EI_GDP_CLV05": "Energy intensity of GDP in chain linked volumes (2005)",
  "EI_GDP_CLV10": "Energy intensity of GDP in chain linked volumes (2010)",
  "EI_GDP_CLV15": "Energy intensity of GDP in chain linked volumes (2015)",
  "EUR_KGOE": "Euro per kilogram of oil equivalent",
  "PPS_KGOE": "Purchasing power standard (PPS) per kilogram of oil equivalent",
  "REN": "Renewable energy sources",
  "REN_ELC": "Renewable energy sources in electricity",
  "REN_HEAT_CL": "Renewable energy sources in heating and cooling",
  "REN_TRA": "Renewable energy sources in transport",

  "CRF1A1": "Fuel combustion in energy industries",
  "CRF1A2": "Fuel combustion in manufacturing industries and construction",
  "CRF1A3": "Fuel combustion in transport",
  "CRF1A4A": "Fuel combustion in commercial and institutional sector",
  "CRF1A4B": "Fuel combustion by households",
  "CRF1A4C": "Fuel combustion in agriculture, forestry and fishing",
  "CRF1A5": "Other fuel combustion sectors n.e.c.",

  "C0000X0350-0370": "Solid fossil fuels",
  "C0110": "Anthracite",
  "C0121": "Coking coal",
  "C0129": "Other bituminous coal",
  "C0210": "Sub-bituminous coal",
  "C0220": "Lignite",
  "P1100": "Peat",
  "S2000": "Oil shale and oil sands",
  "G3000": "Natural gas",
  "O4000XBIO": "Oil and petroleum products",
  "O4100_TOT": "Crude oil",
  "O4200": "Natural gas liquids",
  "TOTAL": "Total",


  "SFF_P1000_S2000": "Solid fossil fuels, peat, peat products, oil shale and oil sands",
  "O4000": "Oil and petroleum products",
  "RA410": "Solar thermal",
  "RA600": "Ambient heat (heat pumps)",
  "R5110-5150_W6000RI": "Primary solid biofuels",
  "R5300": "Biogases",
  "E7000": "Electricity",
  "H8000": "Heat",

  "BIOE": "Bioenergy",
  "C0311": "Coke oven coke",
  "C0312": "Gas coke",
  "C0320": "Patent fuel",
  "C0330": "Brown coal briquettes",
  "C0350": "Coke oven gas",
  "C0350-0370": "Manufactured gases",
  "C0360": "Gas works gas",
  "C0371": "Blast furnace gas",
  "C0379": "Other recovered gases",
  "FE": "Fossil energy",
  "N900H": "Nuclear heat",
  "O4300": "Refinery feedstocks",
  "O4400X4410": "Additives and oxygenates (excluding biofuel portion)",
  "O4610": "Refinery gas",
  "O4620": "Ethane",
  "O4630": "Liquefied petroleum gases",
  "O4691": "White spirit and special boiling point industrial spirits",
  "O4693": "Paraffin waxes",
  "O4694": "Petroleum coke",
  "O4695": "Bitumen",
  "O4699": "Other oil products n.e.c",
  "P1000": "Peat and peat products",
  "P1200": "Peat products",
  "R5160": "Charcoal",
  "RA500": "Tide, wave, ocean",

  "O4652XR5210B": "Motor gasoline (excluding biofuel portion)",
  "O4661XR5230B": "Kerosene-type jet fuel (excluding biofuel portion)",
  "O4671XR5220B": "Gas oil and diesel oil (excluding biofuel portion)",
  "O4680": "Fuel oil",
  "R5210B": "Blended biogasoline",
  "R5210P": "Pure biogasoline",
  "R5220B": "Blended biodiesels",
  "R5220P": "Pure biodiesels",
  "R5290": "Other liquid biofuels",
  "RA000": "Renewables and biofuels",
  "W6100": "Industrial waste (non-renewable)",
  "W6100_6220": "Non-renewable waste",

  "CF": "Combustible fuels",
  "RA100": "Hydro",
  "RA130": "Pumped hydro power",
  "RA200": "Geothermal",
  "RA300": "Wind",
  "RA400": "Solar",
  "N9000": "Nuclear fuels and other fuels n.e.c.",
  "X9900": "Other fuels n.e.c.",
  "X9900H": "Other fuels n.e.c. - heat from chemical sources",


  "PPRD":	"Primary production",
	"RCV_RCY":	"Recovered and recycled products",
	"IMP":	"Imports",
	"EXP":	"Exports",
	"STK_CHG": "Change in stock",
	"GAE":	"Gross available energy",
	"INTMARB":	"International maritime bunkers",
	"GIC":	"Gross inland consumption",
	"INTAVI":	"International aviation",
	"NRGSUP":	"Total energy supply",
	"GIC2020-2030":	"Gross inland consumption (Europe 2020-2030)",
	"PEC2020-2030":	"Primary energy consumption (Europe 2020-2030)",
	"FEC2020-2030":	"Final energy consumption (Europe 2020-2030)",
	"TI_E":	"Transformation input - energy use",
	"TI_EHG_E":	"Transformation input - electricity and heat generation - energy use",
	"TI_EHG_MAPE_E":	"Transformation input - electricity and heat generation - main activity producer electricity only - energy use",
	"TI_EHG_MAPCHP_E":	"Transformation input - electricity and heat generation - main activity producer combined heat and power - energy use",
	"TI_EHG_MAPH_E":	"Transformation input - electricity and heat generation - main activity producer heat only - energy use",
	"TI_EHG_APE_E":	"Transformation input - electricity and heat generation - autoproducer electricity only - energy use",
	"TI_EHG_APCHP_E":	"Transformation input - electricity and heat generation - autoproducer combined heat and power - energy use",
	"TI_EHG_APH_E":	"Transformation input - electricity and heat generation - autoproducer heat only - energy use",
	"TI_EHG_EDHP":	"Transformation input - electricity and heat generation - electrically driven heat pumps",
	"TI_EHG_EB":	"Transformation input - electricity and heat generation - electric boilers",
	"TI_EHG_EPS":	"Transformation input - electricity and heat generation - electricity for pumped storage",
	"TI_EHG_DHEP":	"Transformation input - electricity and heat generation - derived heat for electricity production",
	"TI_EHG_CB":	"Transformation input - electricity and heat generation - charge bateries",
	"TI_CO_E":	"Transformation input - coke ovens - energy use",
	"TI_BF_E":	"Transformation input - blast furnaces - energy use",
	"TI_GW_E":	"Transformation input - gas works - energy use",
	"TI_RPI_E":	"Transformation input - refineries and petrochemical industry - energy use",
	"TI_RPI_RI_E":	"Transformation input - refineries and petrochemical industry - refinery intake - energy use",
	"TI_RPI_BPI_E":	"Transformation input - refineries and petrochemical industry - backflows from petrochemical industry - energy use",
	"TI_RPI_PT_E":	"Transformation input - refineries and petrochemical industry - products transferred - energy use",
	"TI_RPI_IT_E":	"Transformation input - refineries and petrochemical industry - interproduct transfers - energy use",
	"TI_RPI_DU_E":	"Transformation input - refineries and petrochemical industry - direct use - energy use",
	"TI_RPI_PII_E":	"Transformation input - refineries and petrochemical industry - petrochemical industry intake - energy use",
	"TI_PF_E":	"Transformation input - patent fuel plants - energy use",
	"TI_BKBPB_E":	"Transformation input - brown coal briquettes and peat briquettes plants - energy use",
	"TI_CL_E":	"Transformation input - coal liquefaction plants - energy use",
	"TI_BNG_E":	"Transformation input - for blended natural gas - energy use",
	"TI_LBB_E":	"Transformation input - liquid biofuels blended - energy use",
	"TI_CPP_E":	"Transformation input - charcoal production plants - energy use",
	"TI_GTL_E":	"Transformation input - gas-to-liquids plants - energy use",
	"TI_NSP_E":	"Transformation input - not elsewhere specified - energy use",
	"TO":	"Transformation output",
	"TO_EHG":	"Transformation output - electricity and heat generation",
	"TO_EHG_MAPE":	"Transformation output - electricity and heat generation - main activity producer electricity only",
	"TO_EHG_MAPCHP":	"Transformation output - electricity and heat generation - main activity producer combined heat and power",
	"TO_EHG_MAPH":	"Transformation output - electricity and heat generation - main activity producer heat only",
	"TO_EHG_APE":	"Transformation output - electricity and heat generation - autoproducer electricity only",
	"TO_EHG_APCHP":	"Transformation output - electricity and heat generation - autoproducer combined heat and power",
	"TO_EHG_APH":	"Transformation output - electricity and heat generation - autoproducer heat only",
	"TO_EHG_EDHP":	"Transformation output - electricity and heat generation - electrically driven heat pumps",
	"TO_EHG_EB":	"Transformation output - electricity and heat generation - electric boilers",
	"TO_EHG_PH":	"Transformation output - electricity and heat generation - pumped hydro",
	"TO_EHG_OTH":	"Transformation output - electricity and heat generation - other sources",
	"TO_CO":	"Transformation output - coke ovens",
	"TO_BF":	"Transformation output - blast furnaces",
	"TO_GW":	"Transformation output - gas works",
	"TO_RPI":	"Transformation output - refineries and petrochemical industry",
	"TO_RPI_RO":	"Transformation output - refineries and petrochemical industry - refinery output",
	"TO_RPI_BKFLOW":	"Transformation output - refineries and petrochemical industry - backflows",
	"TO_RPI_PT":	"Transformation output - refineries and petrochemical industry - products transferred",
	"TO_RPI_IT":	"Transformation output - refineries and petrochemical industry - interproduct transfers",
	"TO_RPI_PPR":	"Transformation output - refineries and petrochemical industry - primary product receipts",
	"TO_RPI_PIR":	"Transformation output - refineries and petrochemical industry - petrochemical industry returns",
	"TO_PF":	"Transformation output - patent fuel plants",
	"TO_BKBPB":	"Transformation output - brown coal briquettes and peat briquettes plants",
	"TO_CL":	"Transformation output - coal liquefaction plants",
	"TO_BNG":	"Transformation output - blended in natural gas",
	"TO_LBB":	"Transformation output - liquid biofuels blended",
	"TO_CPP":	"Transformation output - charcoal production plants",
	"TO_GTL":	"Transformation output - gas-to-liquids plants",
	"TO_NSP":	"Transformation output - not elsewhere specified",
	"NRG_E":	"Energy sector - energy use",
	"NRG_EHG_E":	"Energy sector - electricity and heat generation - energy use",
	"NRG_CM_E":	"Energy sector - coal mines - energy use",
	"NRG_OIL_NG_E":	"Energy sector - oil and natural gas extraction plants - energy use",
	"NRG_PF_E":	"Energy sector - patent fuel plants - energy use",
	"NRG_CO_E":	"Energy sector - coke ovens - energy use",
	"NRG_BKBPB_E":	"Energy sector - brown coal briquettes and peat briquettes plants - energy use",
	"NRG_GW_E":	"Energy sector - gas works - energy use",
	"NRG_BF_E":	"Energy sector - blast furnaces - energy use",
	"NRG_PR_E":	"Energy sector - petroleum refineries (oil refineries) - energy use",
	"NRG_NI_E":	"Energy sector - nuclear industry - energy use",
	"NRG_CL_E":	"Energy sector - coal liquefaction plants - energy use",
	"NRG_LNG_E":	"Energy sector - liquefaction and regasification plants (LNG) - energy use",
	"NRG_BIOG_E":	"Energy sector - gasification plants for biogas - energy use",
	"NRG_GTL_E":	"Energy sector - gas-to-liquids plants - energy use",
	"NRG_CPP_E":	"Energy sector - charcoal production plants - energy use",
	"NRG_NSP_E":	"Energy sector - not elsewhere specified - energy use",
	"TRANSL_DL":	"Distribution losses",
	"DL":	"Distribution losses",
	"AFC":	"Available for final consumption",
	"FC_NE":	"Final consumption - non-energy use",
	"TI_NRG_FC_IND_NE":	"Transformation input, energy sector and final consumption in industry sector - non-energy use",
	"TI_NE":	"Transformation input - non-energy use",
	"NRG_NE":	"Energy sector - non-energy use",
	"FC_IND_NE":	"Final consumption - industry sector - non-energy use",
	"FC_TRA_NE":	"Final consumption - transport sector - non-energy use",
	"FC_OTH_NE":	"Final consumption - other sectors - non-energy use",
	"FC_E":	"Final consumption - energy use",
	"FC_IND_E":	"Final consumption - industry sector - energy use",
	"FC_IND_IS_E":	"Final consumption - industry sector - iron and steel - energy use",
	"FC_IND_CPC_E":	"Final consumption - industry sector - chemical and petrochemical - energy use",
	"FC_IND_NFM_E":	"Final consumption - industry sector - non-ferrous metals - energy use",
	"FC_IND_NMM_E":	"Final consumption - industry sector - non-metallic minerals - energy use",
	"FC_IND_TE_E":	"Final consumption - industry sector - transport equipment - energy use",
	"FC_IND_MAC_E":	"Final consumption - industry sector - machinery - energy use",
	"FC_IND_MQ_E":	"Final consumption - industry sector - mining and quarrying - energy use",
	"FC_IND_FBT_E":	"Final consumption - industry sector - food, beverages and tobacco - energy use",
	"FC_IND_PPP_E":	"Final consumption - industry sector - paper, pulp and printing - energy use",
	"FC_IND_WP_E":	"Final consumption - industry sector - wood and wood products - energy use",
	"FC_IND_CON_E":	"Final consumption - industry sector - construction - energy use",
	"FC_IND_TL_E":	"Final consumption - industry sector - textile and leather - energy use",
	"FC_IND_NSP_E":	"Final consumption - industry sector - not elsewhere specified - energy use",
	"FC_TRA_E":	"Final consumption - transport sector - energy use",
	"FC_TRA_RAIL_E":	"Final consumption - transport sector - rail - energy use",
	"FC_TRA_ROAD_E":	"Final consumption - transport sector - road - energy use",
	"FC_TRA_DAVI_E":	"Final consumption - transport sector - domestic aviation - energy use",
	"FC_TRA_DNAVI_E":	"Final consumption - transport sector - domestic navigation - energy use",
	"FC_TRA_PIPE_E":	"Final consumption - transport sector - pipeline transport - energy use",
	"FC_TRA_NSP_E":	"Final consumption - transport sector - not elsewhere specified - energy use",
	"FC_OTH_E":	"Final consumption - other sectors - energy use",
	"FC_OTH_CP_E":	"Final consumption - other sectors - commercial and public services - energy use",
	"FC_OTH_HH_E":	"Final consumption - other sectors - households - energy use",
	"FC_OTH_AF_E":	"Final consumption - other sectors - agriculture and forestry - energy use",
	"FC_OTH_FISH_E":	"Final consumption - other sectors - fishing - energy use",
	"FC_OTH_NSP_E":	"Final consumption - other sectors - not elsewhere specified - energy use",
	"STATDIFF":	"Statistical differences",
	"GEP":	"Gross electricity production",
	"GEP_MAPE":	"Gross electricity production - main activity producer electricity only",
	"GEP_MAPCHP":	"Gross electricity production - main activity producer combined heat and power",
	"GEP_APE":	"Gross electricity production - autoproducer electricity only",
	"GEP_APCHP":	"Gross electricity production - autoproducer combined heat and power",
	"GHP":	"Gross heat production",
	"GHP_MAPCHP":	"Gross heat production - main activity producer combined heat and power",
	"GHP_MAPH":	"Gross heat production - main activity producer heat only",
	"GHP_APCHP":	"Gross heat production - autoproducer combined heat and power",
	"GHP_APH":	"Gross heat production - autoproducer heat only",

  "inftitle" : "Energy data",
	
	"TABTITLE1" : "Energy data",
	"TAB1" : "Energy statistics are in the spotlight due to their strategic importance to the drive towards competitive and sustainable economic growth. In recent years, the European Union has faced a number of important energy issues related to e.g. climate change, energy security and affordability. These have pushed the topic of energy towards the top of national and European political agendas, with energy statistics providing key information for policy makers. In order to meet policy makers' growing needs for data on energy, Eurostat has developed a coherent and harmonised system of energy statistics. Annual, half-yearly and monthly data collections cover the Member States of the EU, European Economic Area countries, candidate countries, potential candidates and Energy Community Contracting Partners.",
	
	"TABTITLE2" : "Annual energy data",
	"TAB2" : "These are annual data on crude oil, oil products, natural gas, electricity, derived heat, solid fossil fuels, renewables and wastes covering the full spectrum of the energy balance positions from supply through transformation to final energy consumption by sector and fuel type.  Eurostat has developed an <a href=\"//ec.europa.eu/eurostat/cache/sankey/energy/sankey.html\" target=\"_blank\"><u>interactive tool</u></a>  to visualise annual energy data by means of flow diagrams (also called Sankey diagrams). The tool allows you to build and customise your own diagram by playing with different options (country, year, fuel, level of detail, etc.).",

	"TABTITLE3" : "Monthly energy data",
	"TAB3" : "Eurostat collects and publishes monthly energy data on supply and to a limited extent consumption of various fuels; this data currently covers the coals / solid fossil fuels, natural gas, oil and petroleum products and electricity. Eurostat has developed an <a href=\"//ec.europa.eu/eurostat/cache/infographs/energy_monthly/index.html\" target=\"_blank\"><u>interactive tool</u></a> to visualise monthly energy data.",
	
	"TABTITLE4" : "Energy prices",
	"TAB4" : "These are half-yearly and yearly data on electricity and natural gas prices provided for both final non-households as well as for households customers and for different consumption bands. Half-yearly prices are provided without taxes, with VAT and with all taxes included. Yearly data consist of more disaggregated prices on the energy cost, the network cost and the taxes. In addition, it also includes national average prices for each of these disaggregated sub-components. Eurostat has developed an <a href=\"//ec.europa.eu/eurostat/cache/infographs/energy_prices/enprices.html\" target=\"_blank\"><u>interactive tool</u></a> to visualise energy prices data.",

	"TABTITLE5" : "Energy indicators",
	"TAB5" : "Eurostat produces some selected energy indicators covering the major European policy areas (for example: the share of energy from renewable sources). Eurostat has developed an <a href=\"//ec.europa.eu/eurostat/cache/infographs/energy_dashboard/dash.html\" target=\"_blank\"><u>interactive tool</u></a> to visualise energy indicators.",
	
  "TABTITLE6": "Energy trade data",
  "TAB6": "These are annual data on imports and exports of natural gas, crude oil and oil products, electricity, solid fossil fuels, wood pellets, liquid biofuels… Eurostat has developed an <a href=\"//ec.europa.eu/eurostat/cache/infographs/energy_trade/entrade.html\" target=\"_blank\"><u>interactive tool</u></a> to help you discover who are the main trading partners of your country and visualise the trade flows in different ways.",   

  "eurostat": "Source: Eurostat",
 
 
  "W6220": "Non-renewable municipal waste",
  "O4500": "Other hydrocarbons",
  "O4640": "Naphtha",
  "O4651": "Aviation gasoline",
  "O4653": "Gasoline-type jet fuel",
  "O4669": "Other kerosene",
  "O4692": "Lubricants",
  "RA420": "Solar photovoltaic",
  "R5230P":"Pure bio jet kerosene",
  "R5230B":"Blended bio jet kerosene",
  "W6210":"Renewable municipal waste",
  "C0340":"Coal tar",
  "0000X0350-0370":"Solid fossil fuels",
  

  "fuelMainFuel": "Total - main fuel families",
  "fuelCoal": "Coal",
  "fuelFossil": "Fossil based gasses",
  "fuelOtherFossil": "Other fossil fuels and wastes",
  "fuelOil": "Primary oil",
  "fuelMainPetroleum": "Main petroleum products",
  "fuelOtherPetroleum": "Other petroleum products",
  "fuelNonCombustible": "Non-combustible renewables",
  "fuelCombustible": "Combustible renewables (biofuels)",
  "fuelElectricity": "Electricity and heat (including nuclear)",

  "POPTUT": "Open tutorial",
  "POPEXP": "Expand flow",
  "POPDOWNLOADTABLEPDF": "Download table as image",
  "POPDOWNLOADTABLEEXCEL": "Download table as excel",
  "POPDOWNLOADTABLECSV": "Download table as csv",

  "POPBARCHART": "Open bar chart",
  "POPPIECHART": "Open pie chart",
  "POPLINECHART": "Open line chart",
  "POPINFO": "Open balance info",
  "POPINFOPRODUCTS": "Open product info",

  "POPTW": "Twitter",
  "POPFB": "Facebook",
  "POPLK": "LinkedIn",
  "POPMAIL": "Email",

  "LINKS": "Links",
  "COOKIES": "Cookies",
	"PRIVACY": "Privacy policy",
	"LEGAL": "Legal notice",

  "POPDETAILS": "Show/hide details",
  "POPSHARE": "Open share menu",
  "POPMETA": "Open metadata",
  "POPDB": "Open dataset",

  "KTOE":	"Thousand tonnes of oil equivalent",
  "GWH":	"Gigawatt-hour",
  "TJ": "Terajoule",  


  "PROTO": "Protocol order",
  "ALPHA": "Alphabetical order",
  "ASC": "Ascending values",
  "DESC": "Descending values", 

  "IND": "Fuel",
  "CTR": "Countries",
  "YEAR": "Years",
  "UNIT": "Unit",
  "sharemodaltitle": "Embed chart",
  "msg": "Text copied to clipboard",
  "dataset": "Complete energy balances",
  "pub2": "Energy balances",
  "pub": "Publications",

 "negativeValues": "Some negative values are not shown",
 "tableYear": "Year",
 "tableUnit": "Unit",

 "DEC": "Decimals",

 "next": "Next",
 "back": "Back",
 "close": "Close",

 "META": "Metadata",
 "DATASET": "Dataset",
 
 "AGREGATES": "Show/hide EU aggregates",
 "POPPERCENTAGES": "Display percentages/values",


 "headingOne": "Maximum and minimum values",
 "headingTwo": "Evolution over time",
 "headingThree": "Compare countries",

 "MAXVAL": "Maximum value of ",
 "MINVAL": "Minimum value of ",
 "ENDFRASE": " found in",
 "BALGUIDE": "Energy balance guide",
 "AMEX": "Search definitions",

 "VALUE": "Value",
 "SEARCHAMEXBOX": "Search here…",

 "LOADINGTEXT": "Please wait while we are processing your request",


 "COOKIETEXT": "This site uses cookies to offer you a better browsing experience. Find out more on <a href=\"http://ec.europa.eu/cookies/index_en.htm\"  target=\"_blank\">how we use cookies.<\/a>",
 "COOKIECOMPLETEclose": "Close",
 "COOKIECOMPLETEacceptAll": "Accept all cookies",
 "COOKIECOMPLETEonlyTechnical": "Accept only essential cookies",
 "COOKIECOMPLETE": "Your cookie preferences have been saved. To change your preferences at any time, see our\u00a0<a href=\"//ec.europa.eu/info/cookies_en\" target=\"_blank\">cookies policy<\/a> or visit the link in the page footer.",

 "header-title-label": "Energy balances",
 "MAINMENU": "Menu",
 "COUNTRY": "Country",
 "FUEL": "Fuel",
 "DECIMALS": "Decimals",
 "REFERENCE": "Reference period",
 "all": "Select all countries",
 "KWH_GE15000" : "band DE: Consumption for 15 000 kWh or over",
 "FEED": "Feedback",
 "TOOLS": "Tools",
 "DB": "access to dataset",
 "%": "in percentages",
 "TOGGLEAGREGATES": "Display aggregates",
 "SHARE_T": "Twitter",
 "SHARE_F": "Facebook",
 "SHARE_L": "Linkedin",
 "MENU_COUNTRY": "Select country",
 "MENU_FUEL": "Select fuel",
 "MENU_CONSUMER": "Select consumer",
 "MENU_DEC": "Select number of decimals",
 "MENU_UNIT": "Select unit",
 "MENU_COUNTRY_SORTING": "Select countries order",
 "MENU_SAVE_DIAGRAM": "Save this diagram",
 "MENU_MORE": "Find out more",
 "MENU_YEARS": "Select year",
 "details": "Show details",
 "hidDetails": "Hide details",
 "POPCOLAPSE": "Colapse flow",
 "TOP" : "Go to top",
 "INFO": "Display info",
 "DWL": "Download chart image",
 "EMB": "Embebed chart iframe",
 "SHA": "Share in social media",
 "TGLBAR": "Display bar Chart",
 "TGLPIE": "Display pie Chart",
 "TGLLINE": "Display line Chart",
 "TGLTABLE": "Display table",
 "PRINT": "Print chart",
 "DWNIMAGE": "Download chart image",
 "DWNCHART": "Download chart data",
 "EMBED": "Embebed chart iframe",
 "CLS": "Close",
 "tutBACK": "Back",
 "tutNEXT": "Next",
 "tutFINISH": "Close",
 "ACCESS": "Accessibility",
 "COPY": "Copy the URL",
 "N/A": "Not available",
 "VAL": "Value",
 "VALS": "Values",
 "SELECTLANGUAGE": "Select language",
 "OFFICIAL": "Official EU languages:"
  
}
