{
  "EU28_IS_K": "Union européenne 28 et l'Islande dans le cadre de Kyoto",
  "EU27_2020": "Union européenne (27 pays)",
  "EU28": "Union européenne (28 pays)",
  "EA19": "Zone euro (19 pays)",
  "BE": "Belgique",
  "BG": "Bulgarie",
  "CZ": "Tchéquie",
  "DK": "Danemark",
  "DE": "Allemagne",
  "DEmobile": "Allemagne",
  "EE": "Estonie",
  "IE": "Irlande",
  "EL": "Grèce",
  "ES": "Espagne",
  "FR": "France",
  "HR": "Croatie",
  "IT": "Italie",
  "CY": "Chypre",
  "LV": "Lettonie",
  "LT": "Lituanie",
  "LU": "Luxembourg",
  "LI": "Liechtenstein",
  "HU": "Hongrie",
  "MT": "Malte",
  "NL": "Pays-Bas",
  "AT": "Autriche",
  "PL": "Pologne",
  "PT": "Portugal",
  "RO": "Roumanie",
  "SI": "Slovénie",
  "SK": "Slovaquie",
  "FI": "Finlande",
  "SE": "Suède",
  "UK": "Royaume-Uni",
  "IS": "Islande",
  "NO": "Norvège",
  "CH": "Suisse",
  "ME": "Monténégro",
  "MK": "Macédoine du Nord",
  "AL": "Albanie",
  "RS": "Serbie",
  "TR": "Turquie",
  "AD": "Andorre",
  "PAR": "Biélorussie",
  "BA": "Bosnie-Herzégovine",
  "GI": "Gibraltar (UK)",
  "XK": "Kosovo (UNSCR 1244/99) ",
  "XKmobile": "Kosovo (UNSCR 1244/99) ",
  "MD": "Moldavie",
  "RU": "Russie",
  "UA": "Ukraine",
  "AO": "Angola",
  "CM": "Cameroun",
  "CG": "Congo",
  "CD": "République démocratique du Congo",
  "GQ": "Guinée équatoriale",
  "GA": "Gabon",
  "ST": "São Tomé e Príncipe",
  "DJ": "Djibouti",
  "ER": "Erythrée",
  "ET": "Éthiopie",
  "KE": "Kenya",
  "MG": "Madagascar",
  "MU": "Mauritius",
  "MZ": "Mozambique",
  "UG": "Ouganda",
  "TZ": "Tanzanie",
  "DZ": "Algérie",
  "EG": "Égypte",
  "LY": "Libye",
  "MA": "Maroc",
  "SD": "Soudan",
  "TN": "Tunisie",
  "NA": "Namibie",
  "ZA": "Afrique du Sud",
  "BJ": "Bénin",
  "CV": "Cabo Verde",
  "CI": "Côte d'Ivoire",
  "GH": "Ghana",
  "GW": "Guinée-Bissau",
  "LR": "Liberia",
  "MR": "Mauritanie",
  "NG": "Nigeria",
  "SN": "Sénégal",
  "SL": "Sierra Leone",
  "TG": "Togo",
  "CA": "Canada",
  "US": "États-Unis",
  "AW": "Aruba (NL)",
  "BS": "Bahamas",
  "BB": "Barbade",
  "CU": "Cuba",
  "CW": "Curaçao",
  "DO": "République dominicaine",
  "JM": "Jamaïque",
  "TT": "Trinité-et-Tobago",
  "CR": "Costa Rica",
  "GT": "Guatemala",
  "HN": "Honduras",
  "MX": "Mexique",
  "PA": "Panama",
  "AR": "Argentine",
  "BO": "Bolivie",
  "BR": "Brésil",
  "CL": "Chili",
  "CO": "Colombie",
  "EC": "Équateur",
  "PE": "Pérou",
  "UY": "Uruguay",
  "VE": "Venezuela",
  "KZ": "Kazakhstan",
  "KG": "Kirghizistan",
  "TM": "Turkménistan",
  "UZ": "Ouzbékistan",
  "CN": "Chine, y compris Hong Kong",
  "HK": "Hong Kong",
  "JP": "Japon",
  "MN": "Mongolie",
  "KP": "Corée du Nord",
  "KR": "Corée du Sud",
  "TW": "Taiwan",
  "BD": "Bangladesh",
  "IN": "Inde",
  "IR": "Iran",
  "NP": "Népal",
  "PK": "Pakistan",
  "LK": "Sri Lanka",
  "KH": "Cambodge",
  "ID": "Indonésie",
  "MY": "Malaisie",
  "MM": "Myanmar/Birmanie",
  "PH": "Philippines",
  "SG": "Singapour",
  "TH": "Thaïlande",
  "TL": "Timor-Leste",
  "VN": "Vietnam",
  "AM": "Arménie",
  "AZ": "Azerbaïdjan",
  "BH": "Bahreïn",
  "GE": "Géorgie",
  "QI": "Irak",
  "IL": "Israël",
  "JO": "Jordanie",
  "KW": "Koweït",
  "LB": "Liban",
  "OM": "Oman",
  "QA": "Qatar",
  "SA": "Arabie Saoudite",
  "SY": "Syrie",
  "AE": "Émirats arabes unis",
  "YE": "Yémen",
  "AU": "Australie",
  "NZ": "Nouvelle-Zélande",
  "NC": "Nouvelle-Calédonie (FR)",
  "PG": "Papouasie-Nouvelle-Guinée",
  "MH": "Îles Marshall",
  "BN": "Brunei Darussalam",


  "FEC_DT2020": "Consommation finale d'énergie - distance par rapport à l'objectif 2020",
  "FEC_DT2030": "Consommation finale d'énergie - distance jusqu'à l'objectif 2030",

  "PEC_DT2020": "Consommation d'énergie primaire - distance jusqu'à l'objectif 2020",
  "PEC_DT2030": "Consommation d'énergie primaire - distance jusqu'à l'objectif 2030",
  "EI_GDP_PPS": "Intensité énergétique du PIB en standard de pouvoir d'achat (SPA)",
  "EI_GDP_CLV05": "Intensité énergétique du PIB en volumes chaînés (2005)",
  "EI_GDP_CLV10": "Intensité énergétique du PIB en volumes chaînés (2010)",
  "EI_GDP_CLV15": "Intensité énergétique du PIB en volumes chaînés (2015)",
  "EUR_KGOE": "Euro par kilogramme d'équivalent pétrole (KGOE)",
  "PPS_KGOE": "Standard de pouvoir d'achat (PPS) par kilogramme d'équivalent pétrole",
  "REN": "Sources d'énergie renouvelables",
  "REN_ELC": "Sources d'énergie renouvelables dans l'électricité",
  "REN_HEAT_CL": "Sources d'énergie renouvelables dans le chauffage et le refroidissement",
  "REN_TRA": "Sources d'énergie renouvelables dans les transports",

  "CRF1A1": "Combustion de combustibles dans les industries énergétiques",
  "CRF1A2": "Combustion de combustibles dans les industries manufacturières et la construction",
  "CRF1A3": "Combustion de combustibles dans les transports",
  "CRF1A4A": "Combustion de combustibles dans le secteur commercial et institutionnel",
  "CRF1A4B": "Combustion de combustibles par les ménages",
  "CRF1A4C": "Combustion de combustibles dans l'agriculture, la sylviculture et la pêche",
  "CRF1A5": "Autres secteurs de combustion de combustibles n.c.a.",

  "C0000X0350-0370": "Combustibles fossiles solides",
  "C0110": "Anthracite",
  "C0121": "Charbon à coke",
  "C0129": "Autres charbon bitumineux",
  "C0210": "Charbon sous-bitumineux",
  "C0220": "Lignite",
  "P1100": "Tourbe",
  "S2000": "Schistes bitumineux et sables bitumineux",
  "G3000": "Gaz naturel",
  "O4000XBIO": "Pétrole et produits pétroliers (à l'exclusion de la portion biocarburant)",
  "O4100_TOT": "Pétrole brut",
  "O4200": "Liquides de gaz naturel",
  "TOTAL": "Total",

  "SFF_P1000_S2000": "Combustibles fossiles solides, tourbe, produits à base de tourbe, schiste bitumineux et sables bitumineux",
  "O4000": "Pétrole et produits pétroliers",
  "RA410": "Solaire thermique",
  "RA600": "Chaleur ambiante (pompes à chaleur)",
  "R5110-5150_W6000RI": "Biocombustibles solides primaires",
  "R5300": "Biogaz",
  "E7000": "Électricité",
  "H8000": "Chaleur",

  "BIOE": "Bioénergie",
  "C0311": "Coke de four à coke",
  "C0312": "Coke gazeux",
  "C0320": "Brevet carburant",
  "C0330": "Briquettes de lignite",
  "C0350": "Gaz de four à coke",
  "C0350-0370": "Gaz fabriqués",
  "C0360": "Gaz d'usine à gaz",
  "C0371": "Gaz de haut fourneau",
  "C0379": "Autres gaz récupérés",
  "FE": "Énergie fossile",
  "N900H": "Chaleur nucléaire",
  "O4300": "Matières premières de raffinerie",
  "O4400X4410": "Additifs et produits oxygénés (à l'exclusion des biocarburants)",
  "O4610": "Gaz de raffinerie",
  "O4620": "éthane",
  "O4630": "Gaz de pétrole liquéfiés",
  "O4691": "White spirit et spiritueux industriels spéciaux à point d'ébullition",
  "O4693": "Cires de paraffine",
  "O4694": "Coke de pétrole",
  "O4695": "Bitume",
  "O4699": "Autres produits pétroliers n.c.a.",
  "P1000": "Tourbe et produits de la tourbe",
  "P1200": "Produits de tourbe",
  "R5160": "Charbon",
  "RA500": "Marée, vague, océan",

  "O4652XR5210B": "Essence à moteur (à l'exclusion de la partie biocarburant)",
  "O4661XR5230B": "carburéacteur de type kérosène (à l'exclusion de la partie biocarburant)",
  "O4671XR5220B": "Gazole et gasoil (à l'exclusion des biocarburants)",
  "O4680": "Mazout",
  "R5210B": "Biogasoline mélangée",
  "R5210P": "Biogasoline pure",
  "R5220B": "Biodiesels mélangés",
  "R5220P": "Biodiesels purs",
  "R5290": "Autres biocarburants liquides",
  "RA000": "Renouvelables et biocarburants",
  "W6100": "Déchets industriels (non renouvelables)",
  "W6100_6220": "Déchets non renouvelables",

  "CF": "Combustibles combustibles",
  "RA100": "Hydro",
  "RA130": "Énergie hydraulique pompée",
  "RA200": "Géothermie",
  "RA300": "Vent",
  "RA400": "Solaire",
  "N9000": "Combustibles nucléaires et autres combustibles n.c.a.",
  "X9900": "Autres combustibles n.c.a.",
  "X9900H": "Autres combustibles n.c.a. - chaleur provenant de sources chimiques",


  "NEP": "Production nette d'électricité",
  "NHP": "Production nette de chaleur",
  "TI": "Entrée de transformation",

  "PRR_MAIN": "Principaux producteurs d'activités",
  "PRR_AUTO": "Autoproducteurs",

  "ELC": "Electricité",
  "CHP": "Chaleur et électricité combinées (CHP)",
  "HEAT": "Chaleur",

  "FC_OTH_HH_E_SH": "Consommation finale - autres secteurs - ménages - consommation d'énergie - chauffage des locaux",
  "FC_OTH_HH_E_SC": "Consommation finale - autres secteurs - ménages - consommation d'énergie - refroidissement des locaux",
  "FC_OTH_HH_E_WH": "Consommation finale - autres secteurs - ménages - consommation d'énergie - chauffage de l'eau",
  "FC_OTH_HH_E_CK": "Consommation finale - autres secteurs - ménages - consommation d'énergie - cuisine",
  "FC_OTH_HH_E_LE": "Consommation finale - autres secteurs - ménages - consommation d'énergie - éclairage et appareils électriques",
  "FC_OTH_HH_E_OE": "Consommation finale - autres secteurs - ménages - consommation d'énergie - autres utilisations finales",


  "MTOE": "Millions de tonnes d'équivalent pétrole",
  "I05": "Index, 2005 = 100",
  "PC": "Pourcentage",
  "KGOE_TEUR": "Kilogrammes d'equivalent pétrole (KGEP) par millier d'euros",
  "KGOE_TEUR_PPS": "Kilogrammes d'equivalent pétrole (KGEP) par millier d'euros en standards de pouvoir d'achat (SPA)",
  "THS_T": "Mille tonnes",
  "KOE": "kilogrammes d'équivalent pétrole",
  "KTOE": "Mille tonnes d'équivalent pétrole",
  "GWH": "Gigawatt-heure",
  "TJ": "Terajoule",

  "chart_1": "Efficacité énergétique",
  "chart_2": "Part de l'énergie produite à partir de sources renouvelables",
  "chart_3": "Intensité des émissions de gaz à effet de serre de la consommation d'énergie",
  "chart_4": "Intensité énergétique",
  "chart_5": "Productivité énergétique",
  "chart_6": "Dépendance aux importations d'énergie",
  "chart_7": "Part des combustibles fossiles dans l'énergie brute disponible",
  "chart_8": "Consommation d'énergie finale des ménages par habitant",
  "chart_9": "Consommation d'énergie finale par produit",
 "chart_10": "Consommation d'énergie finale par secteur",
 "chart_11": "Consommation d'énergie finale désagrégée dans les ménages - quantités",
 "chart_12": "Consommation finale d'énergie dans les transports par type de carburant",
 "chart_13": "Consommation finale d'énergie dans le transport routier par type de carburant",
 "chart_14": "Consommation finale d'énergie dans les services par type de combustible",
 "chart_15": "Consommation d'énergie finale dans l'industrie par type de combustible",
 "chart_16": "Consommation finale non énergétique par type de carburant",
 "chart_17": "Production brute et nette d'électricité et de chaleur dérivée par type d'installation et opérateur",
 "chart_18": "Production brute d'électricité et de chaleur dérivée à partir de combustibles combustibles par type d'installation et d'exploitant",
 "chart_19": "Population incapable de garder un logement suffisamment chaud en raison du statut de pauvreté",
 "chart_20": "Part de marché du plus gros producteur du marché de l'électricité",
 "chart_21": "Énergie disponible brute par produit",
 "chart_22": "Approvisionnement énergétique total par produit",
  "special": "Bilan énergétique complet pour tous les carburants",

  "FLAG_NA": "Non disponible",
  "FLAG_C": "Confidentiel",
  "FLAG_P": "provisoire",
  "FLAG_E": "estimé",
  "FLAG_N": "non significatif",
  "FLAG_B": "rupture de série chronologique",
  "FLAG_S": "estimation Eurostat",
  "FLAG_F": "prévision",
  "FLAG_U": "faible fiabilité",
  "FLAG_D": "la définition diffère, voir les métadonnées",
  "FLAG_I": "voir les métadonnées",
  "FLAG_R": "révisé",
  "FLAG_Z": "sans objet",

  "BOX_FUEL_TITLE": "Sélectionnez le carburant",
  "BOX_UNIT_TITLE": "Sélectionnez l'unité",
  "BOX_TRADE_TITLE": "Sélectionnez le commerce",
  "BOX_CHART_TITLE": "Sélectionner un maximum de 6 diagrammes",
  "BOX_MORE_TITLE": "En savoir plus",
  "BOX_FILTER_TITLE": "Sélectionnez le filtre",
  "BOX_COUNTRY_TITLE": "Sélectionnez le pays",
  "sharemodaltitle": "Intégrer le graphique",

  "menu-chart-title": "Sélectionnez Chart",
  "menu-country-title": "Sélectionnez le pays",

  "MENU_MORE": "En savoir plus",

  "TUTORIAL": "Tutoriel",

  "ENTRADE_EXPLAINED": "Explication du commerce",

  "DEFINITIONS": "Définitions",


  "CONTACT": "Contactez-nous",

  "ENPRICES": "Outil des prix de l'énergie",

  "cardOneText": "Consommation d'énergie primaire <br> <small> (Europe 2020-2030)",
  "cardTwoText": "Consommation finale d'énergie <br> <small> (Europe 2020-2030)",
  "cardTreeText": "Part de l'énergie provenant de sources renouvelables <br> <small style = 'color: white'> -",


  "nodata": "Aucune donnée disponible pour la ou les années/pays sélectionnées",
  "nodata2": "Aucune donnée disponible pour la ou les années/pays sélectionnées",

  "abbKGOE_TEUR_PPS": "Toe",
  "abbKGOE_TEUR": "KGOE",
  "abbEUR_KGOE": "KGOE",
  "abbPPS_KGOE": "Pps",
  "abbMTOE": "MToe",
  "abbPC": "%",
  "abbKOE": "Koe",
  "abbKTOE": "ktoe",

  "chart5tooltip": "Productivité énergétique",

  "total": "Total",

  "compare": "Comparer pays",
  "expand": "Agrandir",
  "dataset": "Bilans énergétiques complets",
  "metadata": "Métadonnées",
  
  "EU-20-23": "Conformément à l'article 2 de la directive 2012/27/UE",
  "error": "Aucune donnée disponible pour la ou les années sélectionnées",
  "errorchart": "Maxium de graphiques atteint",

  "next": "Suivant",
  "back": "Retour",
  "close": "Fermer",

  "PPRD": "Production primaire",
  "RCV_RCY": "Produits récupérés et recyclés",
  "IMP": "Importations",
  "EXP": "Exportations",
  "STK_CHG": "Changement de stock",
  "GAE": "Energie brute disponible",
  "INTMARB": "Soutes maritimes internationales",
  "GIC": "Consommation intérieure brute",
  "INTAVI": "Aviation internationale",
  "NRGSUP": "Approvisionnement énergétique total",
  "GIC2020-2030": "Consommation intérieure brute (Europe 2020-2030)",
  "PEC2020-2030": "Consommation d'énergie primaire (Europe 2020-2030)",
  "FEC2020-2030": "Consommation finale d'énergie (Europe 2020-2030)",
  "TI_E": "Apport de transformation - utilisation d'énergie",
  "TI_EHG_E": "Apports de transformation - production d'électricité et de chaleur - consommation d'énergie",
  "TI_EHG_MAPE_E": "Intrants de transformation - production d'électricité et de chaleur - activité principale producteur d'électricité uniquement - utilisation d'énergie",
  "TI_EHG_MAPCHP_E": "Intrants de transformation - production d'électricité et de chaleur - activité principale producteur combiné de chaleur et d'électricité - consommation d'énergie",
  "TI_EHG_MAPH_E": "Intrants de transformation - production d'électricité et de chaleur - production principale de chaleur uniquement - utilisation d'énergie",
  "TI_EHG_APE_E": "Apports de transformation - production d'électricité et de chaleur - électricité des autoproducteurs uniquement - consommation d'énergie",
  "TI_EHG_APCHP_E": "Apports de transformation - production d'électricité et de chaleur - production combinée de chaleur et d'électricité par un autoproducteur - utilisation d'énergie",
  "TI_EHG_APH_E": "Apports de transformation - production d'électricité et de chaleur - chaleur des autoproducteurs uniquement - consommation d'énergie",
  "TI_EHG_EDHP": "Apport de transformation - production d'électricité et de chaleur - pompes à chaleur électriques",
  "TI_EHG_EB": "Entrée de transformation - production d'électricité et de chaleur - chaudières électriques",
  "TI_EHG_CB":	"Transformation input - electricity and heat generation - charge bateries",
  "TI_EHG_EPS": "Apport de transformation - production d'électricité et de chaleur - électricité pour le stockage par pompage",
  "TI_EHG_DHEP": "Apports de transformation - production d'électricité et de chaleur - chaleur dérivée pour la production d'électricité",
  "TI_CO_E": "Entrée de transformation - fours à coke - consommation d'énergie",
  "TI_BF_E": "Entrée de transformation - hauts fourneaux - utilisation d'énergie",
  "TI_GW_E": "Entrée de transformation - usines à gaz - utilisation d'énergie",
  "TI_RPI_E": "Intrants de transformation - raffineries et industrie pétrochimique - utilisation d'énergie",
  "TI_RPI_RI_E": "Intrants de transformation - raffineries et industrie pétrochimique - apport de raffinerie - consommation d'énergie",
  "TI_RPI_BPI_E": "Intrants de transformation - raffineries et industrie pétrochimique - reflux de l'industrie pétrochimique - consommation d'énergie",
  "TI_RPI_PT_E": "Intrants de transformation - raffineries et industrie pétrochimique - produits transférés - utilisation d'énergie",
  "TI_RPI_IT_E": "Intrants de transformation - raffineries et industrie pétrochimique - transferts interproduits - consommation d'énergie",
  "TI_RPI_DU_E": "Intrants de transformation - raffineries et industrie pétrochimique - utilisation directe - utilisation d'énergie",
  "TI_RPI_PII_E": "Intrants de transformation - raffineries et industrie pétrochimique - apport de l'industrie pétrochimique - consommation d'énergie",
  "TI_PF_E": "Apport de transformation - usines de combustible breveté - utilisation d'énergie",
  "TI_BKBPB_E": "Apport de transformation - briquettes de charbon brun et usines de briquettes de tourbe - utilisation d'énergie",
  "TI_CL_E": "Apports de transformation - usines de liquéfaction du charbon - utilisation d'énergie",
  "TI_BNG_E": "Entrée de transformation - pour le gaz naturel mixte - utilisation d'énergie",
  "TI_LBB_E": "Apport de transformation - biocombustibles liquides mélangés - utilisation d'énergie",
  "TI_CPP_E": "Intrants de transformation - usines de production de charbon de bois - utilisation d'énergie",
  "TI_GTL_E": "Intrants de transformation - usines de conversion de gaz en liquides - utilisation d'énergie",
  "TI_NSP_E": "Entrée de transformation - non spécifié ailleurs - utilisation d'énergie",
  "TO": "Sortie de transformation",
  "TO_EHG": "Production de transformation - production d'électricité et de chaleur",
  "TO_EHG_MAPE": "Production de transformation - production d'électricité et de chaleur - activité principale producteur d'électricité uniquement",
  "TO_EHG_MAPCHP": "Production de transformation - production d'électricité et de chaleur - activité principale producteur combiné de chaleur et d'électricité",
  "TO_EHG_MAPH": "Production de transformation - production d'électricité et de chaleur - chaleur du producteur de l'activité principale uniquement",
  "TO_EHG_APE": "Production de transformation - production d'électricité et de chaleur - électricité des autoproducteurs uniquement",
  "TO_EHG_APCHP": "Production de transformation - production d'électricité et de chaleur - production combinée de chaleur et d'électricité par un autoproducteur",
  "TO_EHG_APH": "Production de transformation - production d'électricité et de chaleur - chaleur de l'autoproducteur uniquement",
  "TO_EHG_EDHP": "Production de transformation - production d'électricité et de chaleur - pompes à chaleur électriques",
  "TO_EHG_EB": "Production de transformation - production d'électricité et de chaleur - chaudières électriques",
  "TO_EHG_PH": "Production de transformation - production d'électricité et de chaleur - hydro-pompage",
  "TO_EHG_OTH": "Production de transformation - production d'électricité et de chaleur - autres sources",
  "TO_CO": "Sortie de transformation - fours à coke",
  "TO_BF": "Sortie de transformation - hauts fourneaux",
  "TO_GW": "Sortie de transformation - usines à gaz",
  "TO_RPI": "Production de transformation - raffineries et industrie pétrochimique",
  "TO_RPI_RO": "Production de transformation - raffineries et industrie pétrochimique - production de raffinerie",
  "TO_RPI_BKFLOW": "Sortie de transformation - raffineries et pétrochimie - backflows",
  "TO_RPI_PT": "Production de transformation - raffineries et industrie pétrochimique - produits transférés",
  "TO_RPI_IT": "Production de transformation - raffineries et industrie pétrochimique - transferts interproduits",
  "TO_RPI_PPR": "Production de transformation - raffineries et industrie pétrochimique - recettes de produits primaires",
  "TO_RPI_PIR": "Production de transformation - raffineries et industrie pétrochimique - retours de l'industrie pétrochimique",
  "TO_PF": "Production de transformation - usines de combustible breveté",
  "TO_BKBPB": "Production de transformation - briquettes de charbon brun et usines de briquettes de tourbe",
  "TO_CL": "Production de transformation - usines de liquéfaction du charbon",
  "TO_BNG": "Sortie de transformation - mélangé au gaz naturel",
  "TO_LBB": "Production de transformation - biocombustibles liquides mélangés",
  "TO_CPP": "Production de transformation - usines de production de charbon de bois",
  "TO_GTL": "Production de transformation - usines de conversion de gaz en liquides",
  "TO_NSP": "Sortie de transformation - non spécifié ailleurs",
  "NRG_E": "Secteur de l'énergie - utilisation de l'énergie",
  "NRG_EHG_E": "Secteur de l'énergie - production d'électricité et de chaleur - utilisation d'énergie",
  "NRG_CM_E": "Secteur de l'énergie - mines de charbon - utilisation d'énergie",
  "NRG_OIL_NG_E": "Secteur de l'énergie - usines d'extraction de pétrole et de gaz naturel - utilisation d'énergie",
  "NRG_PF_E": "Secteur de l'énergie - centrales à combustible brevetées - utilisation de l'énergie",
  "NRG_CO_E": "Secteur de l'énergie - fours à coke - utilisation d'énergie",
  "NRG_BKBPB_E": "Secteur de l'énergie - briquettes de charbon brun et usines de briquettes de tourbe - utilisation d'énergie",
  "NRG_GW_E": "Secteur de l'énergie - usines à gaz - utilisation de l'énergie",
  "NRG_BF_E": "Secteur de l'énergie - hauts fourneaux - utilisation de l'énergie",
  "NRG_PR_E": "Secteur de l'énergie - raffineries de pétrole (raffineries de pétrole) - utilisation d'énergie",
  "NRG_NI_E": "Secteur de l'énergie - industrie nucléaire - utilisation de l'énergie",
  "NRG_CL_E": "Secteur de l'énergie - usines de liquéfaction du charbon - utilisation d'énergie",
  "NRG_LNG_E": "Secteur de l'énergie - usines de liquéfaction et de regazéification (GNL) - utilisation de l'énergie",
  "NRG_BIOG_E": "Secteur de l'énergie - installations de gazéification de biogaz - utilisation d'énergie",
  "NRG_GTL_E": "Secteur de l'énergie - usines de transformation de gaz en liquides - utilisation d'énergie",
  "NRG_CPP_E": "Secteur de l'énergie - usines de production de charbon de bois - utilisation de l'énergie",
  "NRG_NSP_E": "Secteur de l'énergie - non spécifié ailleurs - utilisation d'énergie",
  "TRANSL_DL": "Pertes de distribution",
  "DL": "Pertes de distribution",
  "AFC": "Disponible pour la consommation finale",
  "FC_NE": "Consommation finale - utilisation non énergétique",
  "TI_NRG_FC_IND_NE": "Intrants de transformation, secteur de l'énergie et consommation finale dans le secteur industriel - utilisation non énergétique",
  "TI_NE": "Entrée de transformation - utilisation non énergétique",
  "NRG_NE": "Secteur énergétique - utilisation non énergétique",
  "FC_IND_NE": "Consommation finale - secteur industriel - utilisation non énergétique",
  "FC_TRA_NE": "Consommation finale - secteur des transports - utilisation non énergétique",
  "FC_OTH_NE": "Consommation finale - autres secteurs - utilisation non énergétique",
  "FC_E": "Consommation finale - consommation d'énergie",
  "FC_IND_E": "Consommation finale - secteur industriel - utilisation d'énergie",
  "FC_IND_IS_E": "Consommation finale - secteur industriel - sidérurgie - consommation d'énergie",
  "FC_IND_CPC_E": "Consommation finale - secteur industriel - chimie et pétrochimie - consommation d'énergie",
  "FC_IND_NFM_E": "Consommation finale - secteur industriel - métaux non ferreux - consommation d'énergie",
  "FC_IND_NMM_E": "Consommation finale - secteur industriel - minéraux non métalliques - utilisation d'énergie",
  "FC_IND_TE_E": "Consommation finale - secteur industriel - matériel de transport - consommation d'énergie",
  "FC_IND_MAC_E": "Consommation finale - secteur industriel - machines - utilisation d'énergie",
  "FC_IND_MQ_E": "Consommation finale - secteur industriel - exploitation minière et exploitation en carrière - utilisation d'énergie",
  "FC_IND_FBT_E": "Consommation finale - secteur industriel - alimentation, boissons et tabac - consommation d'énergie",
  "FC_IND_PPP_E": "Consommation finale - secteur industriel - papier, pâte à papier et impression - consommation d'énergie",
  "FC_IND_WP_E": "Consommation finale - secteur industriel - bois et produits du bois - consommation d'énergie",
  "FC_IND_CON_E": "Consommation finale - secteur industriel - construction - consommation d'énergie",
  "FC_IND_TL_E": "Consommation finale - secteur industriel - textile et cuir - consommation d'énergie",
  "FC_IND_NSP_E": "Consommation finale - secteur industriel - non spécifié ailleurs - utilisation d'énergie",
  "FC_TRA_E": "Consommation finale - secteur des transports - consommation d'énergie",
  "FC_TRA_RAIL_E": "Consommation finale - secteur des transports - ferroviaire - consommation d'énergie",
  "FC_TRA_ROAD_E": "Consommation finale - secteur des transports - routier - consommation d'énergie",
  "FC_TRA_DAVI_E": "Consommation finale - secteur des transports - aviation intérieure - consommation d'énergie",
  "FC_TRA_DNAVI_E": "Consommation finale - secteur des transports - navigation intérieure - consommation d'énergie",
  "FC_TRA_PIPE_E": "Consommation finale - secteur des transports - transport par pipeline - consommation d'énergie",
  "FC_TRA_NSP_E": "Consommation finale - secteur des transports - non spécifié ailleurs - consommation d'énergie",
  "FC_OTH_E": "Consommation finale - autres secteurs - consommation d'énergie",
  "FC_OTH_CP_E": "Consommation finale - autres secteurs - services commerciaux et publics - consommation d'énergie",
  "FC_OTH_HH_E": "Consommation finale - autres secteurs - ménages - consommation d'énergie",
  "FC_OTH_AF_E": "Consommation finale - autres secteurs - agriculture et sylviculture - consommation d'énergie",
  "FC_OTH_FISH_E": "Consommation finale - autres secteurs - pêche - utilisation d'énergie",
  "FC_OTH_NSP_E": "Consommation finale - autres secteurs - non spécifié ailleurs - consommation d'énergie",
  "STATDIFF": "Différences statistiques",
  "GEP": "Production brute d'électricité",
  "GEP_MAPE": "Production brute d'électricité - activité principale, producteur d'électricité uniquement",
  "GEP_MAPCHP": "Production brute d'électricité - principale activité de production combinée de chaleur et d'électricité",
  "GEP_APE": "Production brute d'électricité - électricité des autoproducteurs uniquement",
  "GEP_APCHP": "Production brute d'électricité - chaleur et électricité combinées des autoproducteurs",
  "GHP": "Production brute de chaleur",
  "GHP_MAPCHP": "Production brute de chaleur - principale activité de production combinée de chaleur et d'électricité",
  "GHP_MAPH": "Production brute de chaleur - chaleur du producteur de l'activité principale uniquement",
  "GHP_APCHP": "Production brute de chaleur - production combinée de chaleur et d'électricité de l'autoproducteur",
  "GHP_APH": "Production brute de chaleur - chaleur de l'autoproducteur uniquement",

  "msg": "Texte copié dans le presse-papiers",
  "share": "Insérer",
  "eurostat": "Source: Eurostat",

  "info": "Afficher les informations",
  
  "inftitle": "Données énergétiques",

  "indicatorShow": "Afficher les indicateurs principaux",
  "indicatorHide": "Masquer les indicateurs principaux",

  "TABTITLE1": "Données énergétiques",
  "TAB1": "Les statistiques de l'énergie sont au cœur de l'actualité en raison de leur importance stratégique pour une croissance économique compétitive et durable. Ces dernières années, l'Union européenne a été confrontée à de nombreux enjeux énergétiques importants, qui ont fait de l'énergie une priorité dans les agendas politiques et national. Les statistiques de l'énergie ont alors permis de fournir des informations essentielles aux responsables politiques. Afin de répondre aux besoins croissants des responsables politiques de disposer de données sur de l'énergie, Eurostat a élaboré un système cohérent et harmonisé de statistiques de l'énergie. Les collectes de données annuelles, semestrielles et mensuelles couvrent les États membres de l'UE, les pays de l'Espace économique européen, les pays candidats et les candidats potentiels à l'adhésion ainsi que les parties contractantes de la Communauté de l'énergie.",
  
  "TABTITLE2": "Données énergétiques anuelles",
  "TAB2": "Ce sont des données annuelles sur le pétrole brut, les produits pétroliers, le gaz naturel, l'électricité, la chaleur dérivée, les combustibles fossiles solides, les énergies renouvelables et les déchets, couvrant la totalité des postes des bilans énergétiques, de l'approvisionnement à la consommation finale d'énergie en passant par la transformation par secteur et par type de combustible. Eurostat a mis au point un <a href=\"//ec.europa.eu/eurostat/cache/sankey/energy/sankey.html\" target=\"_blank\"><u>outil interactif</u></a> pour visualiser les données annuelles de l'énergie au moyen de diagrammes de flux (également appelés diagrammes Sankey). L'outil vous permet de créer et de personnaliser votre propre diagramme en jouant avec différentes options (pays, année, carburant, niveau de détail, etc.).",
  
  "TABTITLE3": "Données énergétiques mensuelles",
  "TAB3": "Eurostat collecte et publie des données mensuelles concernant l'approvisionnement et dans une certaine mesure la demande de différents produits énergétiques; ces données couvrent actuellement le charbon / combustibles fossiles solides, le gaz naturel, le pétrole et les produits pétroliers et l'électricité. Eurostat a mis au point un <a href=\"//ec.europa.eu/eurostat/cache/infographs/energy_monthly/index.html\" target=\"_blank\"><u>outil interactif</u></a> pour visualiser les données mensuelles.",
  
  "TABTITLE4": "Prix de l’énergie",
  "TAB4": "Ce sont des données semestrielles et annuelle sur les prix de l'électricité et du gaz naturel facturés aussi bien aux clients non-résidentiels qu'aux clients résidentiels et pour différentes catégories de consommation. Les prix semestriels sont annoncés hors taxes, TVA comprise et toutes taxes comprises. Les prix annuels sont des composants plus détaillés du prix de l’énergie, du réseau et des taxes. Ils comprennent aussi un prix moyen national par sous-composant. Eurostat a mis au point un <a href=\"//ec.europa.eu/eurostat/cache/infographs/energy_prices/enprices.html\" target=\"_blank\"><u>outil interactif</u></a> pour visualiser les données sur les prix de l’électricité et du gaz naturel.",
  
  "TABTITLE5": "Indicateurs énergétiques",
  "TAB5": "Eurostat produit un sélection d'indicateurs énergétiques couvrant les principaux domaines de la politique européenne (par exemple, la part d'énergie produite à partir de sources d'énergie renouvelables). Eurostat a mis au point un outil interactif pour visualiser les plus importants indicateurs énergétiques.",

  "TABTITLE6": "Données sur le commerce de l'énergie",
  "TAB6": "Il s'agit de données annuelles sur les importations et exportations de gaz naturel, de pétrole brut et de produits pétroliers, d'électricité, de combustibles fossiles solides, de granulés de bois, de biocarburants liquides… Eurostat a développé un <a href = \" //ec.europa.eu/eurostat/cache/infographs/energy_trade/entrade.html\" target=\"_ blank\"> <u> outil interactif </u> </a> pour vous aider à découvrir qui sont les principaux partenaires commerciaux de votre pays et visualisez les flux commerciaux de différentes manières.",


  "W6220": "Déchets municipaux non renouvelables",
  "O4500": "Autres hydrocarbures",
  "O4640": "Naphta",
  "O4651": "Essence d'aviation",
  "O4653": "Carburéacteur de type essence",
  "O4669": "Autre kérosène",
  "O4692": "Lubrifiants",
  "RA420": "Solaire photovoltaïque",
  "R5230P": "Kérosène bio jet pur",
  "R5230B": "Kérosène bio jet mélangé",
  "W6210": "Déchets municipaux renouvelables",
  "C0340": "Goudron de houille",
  "0000X0350-0370": "Combustibles fossiles solides",
  

  "fuelMainFuel": "Total - principales familles de combustibles",
  "fuelCoal": "Charbon",
  "fuelFossil": "Gaz à base de fossiles",
  "fuelOtherFossil": "Autres combustibles fossiles et déchets",
  "fuelOil": "Huile primaire",
  "fuelMainPetroleum": "Principaux produits pétroliers",
  "fuelOtherPetroleum": "Autres produits pétroliers",
  "fuelNonCombustible": "Énergies renouvelables non combustibles",
  "fuelCombustible": "Énergies renouvelables combustibles (biocarburants)",
  "fuelElectricity": "Electricité et chaleur (y compris nucléaire)",


  "POPTUT": "Ouvrir le tutoriel",
  "POPEXP": "Développer le flux",
  "POPDOWNLOADTABLEPDF": "Télécharger le tableau sous forme d'image",
  "POPDOWNLOADTABLEEXCEL": "Télécharger le tableau en excel",
  "POPDOWNLOADTABLECSV": "Télécharger le tableau au format csv",

  "POPBARCHART": "Ouvrir le diagramme en barres",
  "POPPIECHART": "Ouvrir le diagramme circulaire",
  "POPLINECHART": "Ouvrir le diagramme linéaire",
  "POPINFO": "Ouvrir les informations sur le solde",
  "POPINFOPRODUCTS": "Ouvrir les informations sur le produit",

  "POPDETAILS": "Afficher/masquer les détails",
  "POPSHARE": "Ouvrir le menu de partage",
  "POPMETA": "Ouvrir les métadonnées",
  "POPDB": "Ensemble de données ouvertes",

  "LINKS": "Liens",
  "COOKIES": "Cookies",
  "PRIVACY": "Protection de la vie privée",
  "LEGAL": "Avis juridique",

  "POPTW": "Twitter",
  "POPFB": "Facebook",
  "POPLK": "LinkedIn",
  "POPMAIL": "E-mail",

  "PROTO": "Ordre protocolaire",
  "ALPHA": "Ordre alphabétique",
  "ASC": "Valeurs ascendantes",
  "DESC": "Valeurs décroissantes",


  "IND": "Carburant",
  "CTR": "Pays",
  "YEAR": "Anné",  
  "UNIT": "Unité",
  "pub2": "Bilans énergétiques",
  "pub": "Publications",

  "negativeValues": "Certaines valeurs négatives ne sont pas affichées",

  "tableYear": "Année",
  "tableUnit": "Unité",

  "META": "Métadonnées",
  "DATASET": "Base de données",
  
  "MAXVAL": "Valeur maximale de ",
 "MINVAL": "Valeur minimale de ",
 "ENDFRASE": " trouvé dans",

 "VALUE": "Valeur",
 "SEARCHAMEXBOX": "Cherchez ici…",
 

 "LOADINGTEXT": "Veuillez patienter pendant que nous traitons votre demande",

 "POPPERCENTAGES": "Afficher les pourcentages/les valeurs",

 "DEC": "Décimal",

 "AGREGATES": "Afficher/masquer les agrégats de l'UE",

 "headingOne": "Valeurs maximales et minimales",
 "headingTwo": "Évolution dans le temps",
 "headingThree": "Comparer les pays",
 "BALGUIDE": "Guide bilan énergétique",
 "AMEX": "Rechercher des définitions",


 
 
 "COOKIETEXT": "Ce site utilise des cookies pour am\u00e9liorer la navigation. En savoir plus sur <a href=\"//ec.europa.eu/cookies/index_fr.htm\" target=\"_blank\">la mani\u00e8re dont nous utilisons les cookies</a>", 
 "COOKIECOMPLETEclose": "Fermer",
 "COOKIECOMPLETEacceptAll": "Accepter tous les cookies",
 "COOKIECOMPLETEonlyTechnical": "N\u2019accepter que les cookies essentiels",
 "COOKIECOMPLETE": "Vos pr\u00e9f\u00e9rences en mati\u00e8re de cookies ont \u00e9t\u00e9 sauvegard\u00e9es. Pour modifier vos pr\u00e9f\u00e9rences \u00e0 tout moment, consultez notre <a href=\"//ec.europa.eu/info/cookies_fr\" target=\"_blank\">politique sur les cookies</a> ou cliquez sur le lien dans le pied de page.",

 "header-title-label": "Prix de l'énergie",
  "MAINMENU": "Menu",
  "COUNTRY": "Pays",
  "FUEL": "Carburant",
  "DECIMALS": "Décimales",
  "REFERENCE": "Période de référence",
  "all": "Sélectionner tous les pays",
  "KWH_GE15000": "bande DE : Consommation pour 15 000 kWh ou plus",
  "FEED": "Commentaires",
  "TOOLS": "Outils",
  "DB": "accéder à l'ensemble de données",
  "%": "en pourcentage",
  "TOGGLEAGREGATES": "Afficher les agrégats",
  "SHARE_T": "Twitter",
  "SHARE_F": "Facebook",
  "SHARE_L": "LinkedIn",
  "MENU_COUNTRY": "Sélectionnez un pays",
  "MENU_FUEL": "Sélectionner le carburant",
  "MENU_CONSUMER": "Sélectionner le consommateur",
  "MENU_DEC": "Sélectionnez le nombre de décimales",
  "MENU_UNIT": "Sélectionner l'unité",
  "MENU_COUNTRY_SORTING": "Sélectionner l'ordre des pays",
  "MENU_SAVE_DIAGRAM": "Enregistrer ce diagramme",
  "MENU_YEARS": "Sélectionner l'année",
  "details": "Afficher les détails",
  "hidDetails": "Masquer les détails",
  "POPCOLAPSE": "Réduire le flux",
  "TOP": "Remonter en haut",
  "INFO": "Afficher/masquer les informations",
  "DWL": "Télécharger l'image du graphique",
  "EMB": "Intégrer le graphique (iframe)",
  "SHA": "Partager sur les réseaux sociaux",
  "TGLBAR": "Afficher le diagramme en barres",
  "TGLPIE": "Afficher le diagramme circulaire",
  "TGLLINE": "Afficher le diagramme linéaire",
  "TGLTABLE": "Afficher la table",
  "PRINT": "Imprimer le graphique",
  "DWNIMAGE": "Télécharger l'image du graphique",
  "DWNCHART": "Télécharger les données du graphique",
  "EMBED": "Intégrer le graphique (iframe)",
  "CLS": "Fermer",
  "tutBACK": "Retour",
  "tutNEXT": "Suivant",
  "tutFINISH": "Fermer",
  "ACCESS": "Accessibilité",
  "COPY": "Copier l'URL",
  "N/A": "Non disponible",
  "VAL": "Valeur",
  "VALS": "Valeurs",
  "SELECTLANGUAGE": "Choisissez votre langue",
  "OFFICIAL": "Langue officielle de l'UE:"

}
