{
  "EU28_IS_K": "Europäische Union 28 und Island unter dem Kyoto",
  "EU27_2020": "Europäische Union (27 Länder)",
  "EU28": "Europäische Union (28 Länder)",
  "EA19": "Euroraum (19 Länder)",
  "BE": "Belgien",
  "BG": "Bulgarien",
  "CZ": "Tschechien",
  "DK": "Dänemark",
  "DE": "Deutschland",
  "DEmobile": "Deutschland",
  "EE": "Estland",
  "IE": "Irland",
  "EL": "Griechenland",
  "ES": "Spanien",
  "FR": "Frankreich",
  "HR": "Kroatien",
  "IT": "Italien",
  "CY": "Zypern",
  "LV": "Lettland",
  "LT": "Litauen",
  "LU": "Luxemburg",
  "HU": "Ungarn",
  "MT": "Malta",
  "NL": "Niederlande",
  "AT": "Österreich",
  "PL": "Polen",
  "PT": "Portugal",
  "RO": "Rumänien",
  "SI": "Slowenien",
  "SK": "Slowakei",
  "FI": "Finnland",
  "SE": "Schweden",
  "UK": "Vereinigtes Königreich",
  "IS": "Island",
  "NO": "Norwegen",
  "CH": "Schweiz",
  "ME": "Montenegro",
  "MK": "Nord-Mazedonien",
  "AL": "Albanien",
  "RS": "Serbien",
  "TR": "Türkei",
  "AD": "Andorra",
  "BY": "Weißrussland",
  "BA": "Bosnien und Herzegowina",
  "GI": "Gibraltar (UK)",
  "XK": "Kosovo (UNSCR 1244/99) ",
  "XKmobile": "Kosovo (UNSCR 1244/99) ",
  "MD": "Moldawien",
  "RU": "Russland",
  "UA": "Ukraine",
  "AO": "Angola",
  "CM": "Kamerun",
  "CG": "Kongo",
  "CD": "Demokratische Republik Kongo",
  "GQ": "Äquatorialguinea",
  "GA": "Gabun",
  "ST": "São Tomé und Príncipe",
  "DJ": "Dschibuti",
  "ER": "Eritrea",
  "ET": "Äthiopien",
  "KE": "Kenia",
  "MG": "Madagaskar",
  "MU": "Mauritius",
  "MZ": "Mosambik",
  "UG": "Uganda",
  "TZ": "Tansania",
  "DZ": "Algerien",
  "EG": "Ägypten",
  "LY": "Libyen",
  "LI": "Liechtenstein",
  "MA": "Marokko",
  "SD": "Sudan",
  "TN": "Tunesien",
  "NA": "Namibia",
  "ZA": "Südafrika",
  "BJ": "Benin",
  "CV": "Cabo Verde",
  "KI": "Elfenbeinküste",
  "GH": "Ghana",
  "GW": "Guinea-Bissau",
  "LR": "Liberia",
  "MR": "Mauretanien",
  "NG": "Nigeria",
  "SN": "Senegal",
  "SL": "Sierra Leone",
  "TG": "Togo",
  "CA": "Kanada",
  "US": "Vereinigte Staaten",
  "AW": "Aruba (NL)",
  "BS": "Bahamas",
  "BB": "Barbados",
  "CU": "Kuba",
  "CW": "Curaçao",
  "DO": "Dominikanische Republik",
  "JM": "Jamaika",
  "TT": "Trinidad und Tobago",
  "CR": "Costa Rica",
  "GT": "Guatemala",
  "HN": "Honduras",
  "MX": "Mexiko",
  "PA": "Panama",
  "AR": "Argentinien",
  "BO": "Bolivien",
  "BR": "Brasilien",
  "CL": "Chile",
  "CO": "Kolumbien",
  "EC": "Ecuador",
  "PE": "Peru",
  "UY": "Uruguay",
  "VE": "Venezuela",
  "KZ": "Kasachstan",
  "KG": "Kirgisistan",
  "TM": "Turkmenistan",
  "UZ": "Usbekistan",
  "CN": "China einschließlich Hongkong",
  "HK": "Hongkong",
  "JP": "Japan",
  "MN": "Mongolei",
  "KP": "Nordkorea",
  "KR": "Südkorea",
  "TW": "Taiwan",
  "BD": "Bangladesch",
  "IN": "Indien",
  "IR": "Iran",
  "NP": "Nepal",
  "PK": "Pakistan",
  "LK": "Sri Lanka",
  "KH": "Kambodscha",
  "ID": "Indonesien",
  "MY": "Malaysia",
  "MM": "Myanmar/Burma",
  "PH": "Philippinen",
  "SG": "Singapur",
  "TH": "Thailand",
  "TL": "Timor-Leste",
  "VN": "Vietnam",
  "AM": "Armenien",
  "AZ": "Aserbaidschan",
  "BH": "Bahrain",
  "GE": "Georgien",
  "IQ": "Irak",
  "IL": "Israel",
  "JO": "Jordanien",
  "KW": "Kuwait",
  "LB": "Libanon",
  "OM": "Oman",
  "QA": "Katar",
  "SA": "Saudi-Arabien",
  "SY": "Syrien",
  "AE": "Vereinigte Arabische Emirate",
  "JA": "Jemen",
  "AU": "Australien",
  "NZ": "Neuseeland",
  "NC": "Neukaledonien (FR)",
  "PG": "Papua-Neuguinea",
  "MH": "Marshall-Inseln",
  "BN": "Brunei Darussalam",


  "FEC_DT2020": "Endenergieverbrauch - Entfernung zum Ziel 2020",
  "FEC_DT2030": "Endenergieverbrauch - Entfernung zum Ziel 2030",

  "PEC_DT2020": "Primärenergieverbrauch - Entfernung zum Ziel 2020",
  "PEC_DT2030": "Primärenergieverbrauch - Entfernung zum Ziel 2030",
  "EI_GDP_PPS": "Energieintensität des BIP in Kaufkraftstandards (KKS)",
  "EI_GDP_CLV05": "Energieintensität des BIP in kettengebundenen Mengen (2005)",
  "EI_GDP_CLV10": "Energieintensität des BIP in kettengebundenen Mengen (2010)",
  "EI_GDP_CLV15": "Energieintensität des BIP in kettengebundenen Mengen (2015)",
  "EUR_KGOE": "Euro pro Kilogramm Öläquivalent (KGOE)",
  "PPS_KGOE": "Kaufkraftstandard (PPS) pro Kilogramm Öläquivalent",
  "REN": "Erneuerbare Energiequellen",
  "REN_ELC": "Erneuerbare Energiequellen in Elektrizität",
  "REN_HEAT_CL": "Erneuerbare Energiequellen beim Heizen und Kühlen",
  "REN_TRA": "Erneuerbare Energiequellen im Verkehr",

  "CRF1A1": "Kraftstoffverbrennung in der Energiewirtschaft",
  "CRF1A2": "Kraftstoffverbrennung in der verarbeitenden Industrie und im Baugewerbe",
  "CRF1A3": "Kraftstoffverbrennung im Transport",
  "CRF1A4A": "Kraftstoffverbrennung im gewerblichen und institutionellen Sektor",
  "CRF1A4B": "Kraftstoffverbrennung durch Haushalte",
  "CRF1A4C": "Kraftstoffverbrennung in der Land- und Forstwirtschaft sowie in der Fischerei",
  "CRF1A5": "Andere Kraftstoffverbrennungssektoren n.a.g.",

  "C0000X0350-0370": "Feste fossile Brennstoffe",
  "C0110": "Anthrazit",
  "C0121": "Kokskohle",
  "C0129": "Andere Steinkohle",
  "C0210": "subbituminöse Kohle",
  "C0220": "Lignit (Braunkohle)",
  "P1100": "Torf",
  "S2000": "Ölschiefer und Ölsand",
  "G3000": "Erdgas",
  "O4000XBIO": "Öl und Erdölprodukte (ohne Biokraftstoffanteil)",
  "O4100_TOT": "Rohöl",
  "O4200": "Erdgaskondensate",
  "TOTAL": "Insgesamt",

  "SFF_P1000_S2000": "Feste fossile Brennstoffe, Torf, Torfprodukte, Ölschiefer und Ölsand",
  "O4000": "Öl und Erdölprodukte",
  "RA410": "Solarthermie",
  "RA600": "Umgebungswärme (Wärmepumpen)",
  "R5110-5150_W6000RI": "Primäre feste Biokraftstoffe",
  "R5300": "Biogase",
  "E7000": "Elektrizität",
  "H8000": "Hitze",  

  "BIOE": "Bioenergie",
  "C0311": "Koksofenkoks",
  "C0312": "Gaskoks",
  "C0320": "Patent Fuel",
  "C0330": "Braunkohlebriketts",
  "C0350": "Koksofengas",
  "C0350-0370": "Hergestellte Gase",
  "C0360": "Gas arbeitet Gas",
  "C0371": "Hochofengas",
  "C0379": "Andere zurückgewonnene Gase",
  "FE": "Fossile Energie",
  "N900H": "Kernwärme",
  "O4300": "Raffinerie-Rohstoffe",
  "O4400X4410": "Additive und Oxygenate (ohne Biokraftstoffanteil)",
  "O4610": "Raffineriegas",
  "O4620": "Ethan",
  "O4630": "Flüssiggas",
  "O4691": "Testbenzin und Spezialbenzin mit industriellem Siedepunkt",
  "O4693": "Paraffinwachse",
  "O4694": "Petrolkoks",
  "O4695": "Bitumen",
  "O4699": "Andere Ölprodukte n.e.c",
  "P1000": "Torf und Torfprodukte",
  "P1200": "Torfprodukte",
  "R5160": "Charcoal",
  "RA500": "Flut, Welle, Ozean",
  "RA000": "Erneuerbare Energien und Biokraftstoffe",
  "W6100": "Industrieabfälle (nicht erneuerbar)",
  "W6100_6220": "Nicht erneuerbare Abfälle",

  "CF": "Brennbare Brennstoffe",
  "RA100": "Hydro",
  "RA130": "Pumpwasserkraft",
  "RA200": "Geothermie",
  "RA300": "Wind",
  "RA400": "Solar",
  "N9000": "Kernbrennstoffe und andere Brennstoffe n.e.c.",
  "X9900": "Andere Kraftstoffe n.e.c.",
  "X9900H": "Andere Brennstoffe n.e.c. - Wärme aus chemischen Quellen",

  "O4652XR5210B": "Motorbenzin (ohne Biokraftstoffanteil)",
  "O4661XR5230B": "Kerosin-Düsentreibstoff (ohne Biokraftstoffanteil)",
  "O4671XR5220B": "Gasöl und Dieselöl (ohne Biokraftstoffanteil)",
  "O4680": "Heizöl",
  "R5210B": "Gemischtes Biogasolin",
  "R5210P": "Reines Biogasolin",
  "R5220B": "Gemischte Biodiesel",
  "R5220P": "Reine Biodiesel",
  "R5290": "Andere flüssige Biokraftstoffe",

  "NEP": "Nettostromerzeugung",
  "NHP": "Nettowärmeerzeugung",
  "TI": "Transformationseingabe",

  "PRR_MAIN": "Hauptproduktionsproduzenten",
  "PRR_AUTO": "Autoproducers",

  "ELC": "Elektrizität",
  "CHP": "Kraft-Wärme-Kopplung",
  "HEAT": "Heat",

  "FC_OTH_HH_E_SH": "Endverbrauch - andere Sektoren - Haushalte - Energieverbrauch - Raumheizung",
  "FC_OTH_HH_E_SC": "Endverbrauch - andere Sektoren - Haushalte - Energieverbrauch - Raumkühlung",
  "FC_OTH_HH_E_WH": "Endverbrauch - andere Sektoren - Haushalte - Energieverbrauch - Warmwasserbereitung",
  "FC_OTH_HH_E_CK": "Endverbrauch - andere Sektoren - Haushalte - Energieverbrauch - Kochen",
  "FC_OTH_HH_E_LE": "Endverbrauch - andere Sektoren - Haushalte - Energieverbrauch - Beleuchtung und Elektrogeräte",
  "FC_OTH_HH_E_OE": "Endverbrauch - andere Sektoren - Haushalte - Energieverbrauch - anderer Endverbrauch",

  "MTOE": "Millionen Tonnen Öläquivalent",
  "I05": "Index, 2005 = 100",
  "PC": "Prozentsatz",
  "KGOE_TEUR": "Kilogramm Rohöleinheiten (KGRÖE) pro Tausend Euro",
  "KGOE_TEUR_PPS": "Kilogramm Rohöleinheiten (KGRÖE) pro Tausend Euro in Kaufkraftstandards (KKS)",
  "THS_T": "Tausend Tonnen",
  "KOE": "Kilogramm Öläquivalent",
  "KTOE": "Tausend Tonnen Öläquivalent (KTOE)",
  "GWH": "Gigawattstunde (GWH)",
  "TJ": "Terajoule (TJ)",

  "chart_1": "Energieeffizienz",
  "chart_2": "Anteil von Energie aus erneuerbaren Quellen",
  "chart_3": "Intensität der Treibhausgasemissionen des Energieverbrauchs",
  "chart_4": "Energieintensität",
  "chart_5": "Energieproduktivität",
  "chart_6": "Energieimportabhängigkeit",
  "chart_7": "Anteil fossiler Brennstoffe an der verfügbaren Bruttoenergie",
  "chart_8": "Endenergieverbrauch in Haushalten pro Kopf",
  "chart_9": "Endenergieverbrauch nach Produkt",
 "chart_10": "Endenergieverbrauch nach Sektoren",
 "chart_11": "Disaggregierter Endenergieverbrauch in Haushalten - Mengen",
 "chart_12": "Endenergieverbrauch beim Transport nach Kraftstoffart",
 "chart_13": "Endenergieverbrauch im Straßenverkehr nach Kraftstoffart",
 "chart_14": "Endenergieverbrauch in Dienstleistungen nach Kraftstoffart",
 "chart_15": "Endenergieverbrauch in der Industrie nach Kraftstoffart",
 "chart_16": "Endgültiger Nicht-Energieverbrauch nach Kraftstoffart",
 "chart_17": "Brutto- und Nettoproduktion von Strom und gewonnener Wärme nach Anlagentyp und Betreiber",
 "chart_18": "Bruttoproduktion von Strom und Wärme aus brennbaren Brennstoffen nach Anlagentyp und Betreiber",
 "chart_19": "Bevölkerung, die aufgrund des Armutsstatus nicht in der Lage ist, ihr Zuhause angemessen warm zu halten",
 "chart_20": "Marktanteil des größten Generators auf dem Strommarkt",
 "chart_21": "Brutto verfügbare Energie nach Produkt",
 "chart_22": "Gesamtenergieversorgung nach Produkt",
  "special": "Vollständige Energiebilanz für alle Kraftstoffe",

  "FLAG_NA": "Nicht verfügbar",
  "FLAG_C": "Vertraulich",
  "FLAG_P": "vorläufig",
  "FLAG_E": "geschätzt",
  "FLAG_N": "nicht signifikant",
  "FLAG_B": "Pause in Zeitreihen",
  "FLAG_S": "Eurostat-Schätzung",
  "FLAG_F": "Prognose",
  "FLAG_U": "geringe Zuverlässigkeit",
  "FLAG_D": "Definition unterscheidet sich, siehe Metadaten",
  "FLAG_I": "Metadaten anzeigen",
  "FLAG_R": "überarbeitet",
  "FLAG_Z": "nicht zutreffend",

  "BOX_FUEL_TITLE": "Kraftstoff auswählen",
  "BOX_UNIT_TITLE": "Einheit auswählen",
  "BOX_TRADE_TITLE": "Handel auswählen",
  "BOX_CHART_TITLE": "Bis zu 6 Diagramme auswählen",
  "BOX_MORE_TITLE": "Erfahren Sie mehr",
  "BOX_FILTER_TITLE": "Filter auswählen",
  "BOX_COUNTRY_TITLE": "Land auswählen",
  "sharemodaltitle": "Diagramm einbetten",

  "menu-chart-title": "Diagramm auswählen",
  "menu-country-title": "Land auswählen",

  "MENU_MORE": "Erfahren Sie mehr",

  "TUTORIAL": "Lernprogramm",

  "ENTRADE_EXPLAINED": "Handel erklärt",

  "DEFINITIONS": "Definitionen",

  "sankey": "Energiebilanzfluss",

  "CONTACT": "Kontaktieren Sie uns",

  "ENPRICES": "Energiepreis-Tool",

  "cardOneText": "Primärenergieverbrauch <br> <small> (Europa 2020-2030)",
  "cardTwoText": "Endenergieverbrauch <br> <small> (Europa 2020-2030)",
  "cardTreeText": "Anteil von Energie aus erneuerbaren Quellen <br> <small style = 'color: white'> -",

  "next": "Weiter",
  "back": "Zurück",
  "close": "Schließen",

  "EU-20-23": "Gemäß Artikel 2 der Richtlinie 2012/27/EU",

  "nodata": "Für die ausgewählten Jahre/Land sind keine Daten verfügbar",
  "nodata2": "Für die ausgewählten Jahre/Land sind keine Daten verfügbar",

  "abbKGOE_TEUR_PPS": "Toe",
  "abbKGOE_TEUR": "KGOE",
  "abbEUR_KGOE": "KGOE",
  "abbPPS_KGOE": "Pps",
  "abbMTOE": "MToe",
  "abbPC": "%",
  "abbKOE": "Koe",
  "abbKTOE": "ktoe",

  "chart5tooltip": "Energieproduktivität",

  "total": "Gesamt",

  "compare": "Länder vergleichen",
  "expand": "Vergrößern",
  "dataset": "Komplette Energiebilanzen",
  "metadata": "Metadaten",

  "error": "Für die ausgewählten Jahre sind keine Daten verfügbar",
  "errorchart": "Maxium der Charts erreicht",


  "PPRD": "Primärproduktion",
  "RCV_RCY": "Wiedergewonnene und recycelte Produkte",
  "IMP": "Importe",
  "EXP": "Exporte",
  "STK_CHG": "Lageränderung",
  "GAE": "Brutto verfügbare Energie",
  "INTMARB": "Internationale Seebunker",
  "GIC": "Bruttoverbrauch im Inland",
  "INTAVI": "Internationale Luftfahrt",
  "NRGSUP": "Gesamtenergieversorgung",
  "GIC2020-2030": "Brutto-Binnenverbrauch (Europa 2020-2030)",
  "PEC2020-2030": "Primärenergieverbrauch (Europa 2020-2030)",
  "FEC2020-2030": "Endenergieverbrauch (Europa 2020-2030)",
  "TI_E": "Transformationseingang - Energieverbrauch",
  "TI_EHG_E": "Transformationseingang - Strom- und Wärmeerzeugung - Energieverbrauch",
  "TI_EHG_MAPE_E": "Transformationsinput - Strom- und Wärmeerzeugung - nur Hauptproduktionserzeuger Strom - Energieverbrauch",
  "TI_EHG_MAPCHP_E": "Transformationsinput - Strom- und Wärmeerzeugung - Hauptaktivitätserzeuger Kraft-Wärme-Kopplung - Energieverbrauch",
  "TI_EHG_MAPH_E": "Transformationsinput - Strom- und Wärmeerzeugung - nur Hauptproduktionserzeuger Wärme - Energieverbrauch",
  "TI_EHG_APE_E": "Transformationseingang - Strom- und Wärmeerzeugung - nur Strom aus Autoproduzenten - Energieverbrauch",
  "TI_EHG_APCHP_E": "Transformationseingang - Strom- und Wärmeerzeugung - Autoproduzent Kraft-Wärme-Kopplung - Energieverbrauch",
  "TI_EHG_APH_E": "Transformationseingang - Strom- und Wärmeerzeugung - nur Wärmeerzeugung durch Autoproduzenten - Energieverbrauch",
  "TI_EHG_EDHP": "Transformationseingang - Strom- und Wärmeerzeugung - elektrisch angetriebene Wärmepumpen",
  "TI_EHG_EB": "Transformationseingang - Strom- und Wärmeerzeugung - Elektrokessel",
  "TI_EHG_EPS": "Transformationseingang - Strom- und Wärmeerzeugung - Strom für Pumpspeicher",
  "TI_EHG_DHEP": "Transformationseingang - Strom- und Wärmeerzeugung - Wärme für die Stromerzeugung",
  "TI_EHG_CB": "Transformationseingang - Strom- und Wärmeerzeugung - Batterieladung",
  "TI_CO_E": "Transformationseingang - Koksöfen - Energieverbrauch",
  "TI_BF_E": "Transformationseingang - Hochöfen - Energieverbrauch",
  "TI_GW_E": "Transformationseingang - Gaswerke - Energieverbrauch",
  "TI_RPI_E": "Transformation Input - Raffinerien und petrochemische Industrie - Energieverbrauch",
  "TI_RPI_RI_E": "Transformationseingabe - Raffinerien und petrochemische Industrie - Raffinerieaufnahme - Energieverbrauch",
  "TI_RPI_BPI_E": "Transformationseingabe - Raffinerien und petrochemische Industrie - Rückflüsse aus der petrochemischen Industrie - Energieverbrauch",
  "TI_RPI_PT_E": "Transformationseingang - Raffinerien und petrochemische Industrie - übertragene Produkte - Energieverbrauch",
  "TI_RPI_IT_E": "Transformationseingang - Raffinerien und petrochemische Industrie - Interprodukttransfer - Energieverbrauch",
  "TI_RPI_DU_E": "Transformationseingabe - Raffinerien und petrochemische Industrie - direkte Nutzung - Energieverbrauch",
  "TI_RPI_PII_E": "Transformationseingabe - Raffinerien und petrochemische Industrie - Aufnahme der petrochemischen Industrie - Energieverbrauch",
  "TI_PF_E": "Transformationseingabe - Patentbrennstoffanlagen - Energieverbrauch",
  "TI_BKBPB_E": "Transformationseingabe - Braunkohlebriketts und Torfbrikettanlagen - Energieverbrauch",
  "TI_CL_E": "Transformationsinput - Kohleverflüssigungsanlagen - Energieverbrauch",
  "TI_BNG_E": "Transformationseingang - für gemischten Erdgas - Energieverbrauch",
  "TI_LBB_E": "Transformationseingang - gemischte flüssige Biokraftstoffe - Energieverbrauch",
  "TI_CPP_E": "Transformationseingang - Holzkohleproduktionsanlagen - Energieverbrauch",
  "TI_GTL_E": "Transformationseingang - Gas-zu-Flüssigkeiten-Anlagen - Energieverbrauch",
  "TI_NSP_E": "Transformationseingabe - nicht anderswo angegeben - Energieverbrauch",
  "TO": "Transformationsausgabe",
  "TO_EHG": "Transformationsleistung - Strom- und Wärmeerzeugung",
  "TO_EHG_MAPE": "Transformationsleistung - Strom- und Wärmeerzeugung - nur Hauptproduktionsproduzent Strom",
  "TO_EHG_MAPCHP": "Transformationsleistung - Strom- und Wärmeerzeugung - Hauptaktivitätsproduzent Kraft-Wärme-Kopplung",
  "TO_EHG_MAPH": "Transformationsleistung - Strom- und Wärmeerzeugung - nur Hauptproduktionserzeuger Wärme",
  "TO_EHG_APE": "Transformationsleistung - Strom- und Wärmeerzeugung - nur Autoproduzentenstrom",
  "TO_EHG_APCHP": "Transformationsleistung - Strom- und Wärmeerzeugung - Autoproduzent kombiniert Wärme und Strom",
  "TO_EHG_APH": "Transformationsleistung - Strom- und Wärmeerzeugung - nur Autoproduzentenwärme",
  "TO_EHG_EDHP": "Transformationsleistung - Strom- und Wärmeerzeugung - elektrisch angetriebene Wärmepumpen",
  "TO_EHG_EB": "Transformationsleistung - Strom- und Wärmeerzeugung - Elektrokessel",
  "TO_EHG_PH": "Transformationsleistung - Strom- und Wärmeerzeugung - Pumpwasser",
  "TO_EHG_OTH": "Transformationsleistung - Strom- und Wärmeerzeugung - andere Quellen",
  "TO_CO": "Transformationsausgang - Koksöfen",
  "TO_BF": "Transformationsleistung - Hochöfen",
  "TO_GW": "Transformationsleistung - Gas funktioniert",
  "TO_RPI": "Transformationsleistung - Raffinerien und petrochemische Industrie",
  "TO_RPI_RO": "Transformationsleistung - Raffinerien und petrochemische Industrie - Raffinerieproduktion",
  "TO_RPI_BKFLOW": "Transformationsleistung - Raffinerien und petrochemische Industrie - Rückflüsse",
  "TO_RPI_PT": "Transformationsleistung - Raffinerien und petrochemische Industrie - übertragene Produkte",
  "TO_RPI_IT": "Transformationsleistung - Raffinerien und petrochemische Industrie - Transfers zwischen Produkten",
  "TO_RPI_PPR": "Transformationsleistung - Raffinerien und petrochemische Industrie - Einnahmen aus Primärprodukten",
  "TO_RPI_PIR": "Transformationsleistung - Raffinerien und petrochemische Industrie - Rückkehr der petrochemischen Industrie",
  "TO_PF": "Transformationsleistung - Patentbrennstoffanlagen",
  "TO_BKBPB": "Transformationsleistung - Braunkohlebriketts und Torfbrikettanlagen",
  "TO_CL": "Transformationsleistung - Kohleverflüssigungsanlagen",
  "TO_BNG": "Transformationsleistung - in Erdgas eingemischt",
  "TO_LBB": "Transformationsleistung - flüssige Biokraftstoffe gemischt",
  "TO_CPP": "Transformationsleistung - Holzkohleproduktionsanlagen",
  "TO_GTL": "Transformationsleistung - Gas-zu-Flüssigkeiten-Anlagen",
  "TO_NSP": "Transformationsausgabe - nicht anderweitig angegeben",
  "NRG_E": "Energiesektor - Energieverbrauch",
  "NRG_EHG_E": "Energiesektor - Strom- und Wärmeerzeugung - Energieverbrauch",
  "NRG_CM_E": "Energiesektor - Kohlebergwerke - Energieverbrauch",
  "NRG_OIL_NG_E": "Energiesektor - Öl- und Erdgasförderanlagen - Energieverbrauch",
  "NRG_PF_E": "Energiesektor - Patentbrennstoffanlagen - Energieverbrauch",
  "NRG_CO_E": "Energiesektor - Koksöfen - Energieverbrauch",
  "NRG_BKBPB_E": "Energiesektor - Braunkohlebriketts und Torfbrikettanlagen - Energieverbrauch",
  "NRG_GW_E": "Energiesektor - Gaswerke - Energieverbrauch",
  "NRG_BF_E": "Energiesektor - Hochöfen - Energieverbrauch",
  "NRG_PR_E": "Energiesektor - Erdölraffinerien (Ölraffinerien) - Energieverbrauch",
  "NRG_NI_E": "Energiesektor - Nuklearindustrie - Energieverbrauch",
  "NRG_CL_E": "Energiesektor - Kohleverflüssigungsanlagen - Energieverbrauch",
  "NRG_LNG_E": "Energiesektor - Verflüssigungs- und Wiederverdampfungsanlagen (LNG) - Energieverbrauch",
  "NRG_BIOG_E": "Energiesektor - Vergasungsanlagen für Biogas - Energieverbrauch",
  "NRG_GTL_E": "Energiesektor - Gas-zu-Flüssigkeiten-Anlagen - Energieverbrauch",
  "NRG_CPP_E": "Energiesektor - Holzkohleproduktionsanlagen - Energieverbrauch",
  "NRG_NSP_E": "Energiesektor - nicht anderswo angegeben - Energieverbrauch",
  "TRANSL_DL": "Verteilungsverluste",
  "DL": "Verteilungsverluste",
  "AFC": "Verfügbar für den Endverbrauch",
  "FC_NE": "Endverbrauch - Nicht-Energieverbrauch",
  "TI_NRG_FC_IND_NE": "Transformationsinput, Energiesektor und Endverbrauch im Industriesektor - Nicht-Energieverbrauch",
  "TI_NE": "Transformationseingang - Nicht-Energieverbrauch",
  "NRG_NE": "Energiesektor - Nicht-Energieverbrauch",
  "FC_IND_NE": "Endverbrauch - Industrie - Nicht-Energieverbrauch",
  "FC_TRA_NE": "Endverbrauch - Verkehrssektor - Nicht-Energieverbrauch",
  "FC_OTH_NE": "Endverbrauch - andere Sektoren - Nicht-Energieverbrauch",
  "FC_E": "Endverbrauch - Energieverbrauch",
  "FC_IND_E": "Endverbrauch - Industrie - Energieverbrauch",
  "FC_IND_IS_E": "Endverbrauch - Industrie - Eisen und Stahl - Energieverbrauch",
  "FC_IND_CPC_E": "Endverbrauch - Industrie - Chemie und Petrochemie - Energieverbrauch",
  "FC_IND_NFM_E": "Endverbrauch - Industrie - Nichteisenmetalle - Energieverbrauch",
  "FC_IND_NMM_E": "Endverbrauch - Industrie - nichtmetallische Mineralien - Energieverbrauch",
  "FC_IND_TE_E": "Endverbrauch - Industrie - Transportmittel - Energieverbrauch",
  "FC_IND_MAC_E": "Endverbrauch - Industrie - Maschinen - Energieverbrauch",
  "FC_IND_MQ_E": "Endverbrauch - Industrie - Bergbau und Steinbruch - Energieverbrauch",
  "FC_IND_FBT_E": "Endverbrauch - Industrie - Lebensmittel, Getränke und Tabak - Energieverbrauch",
  "FC_IND_PPP_E": "Endverbrauch - Industrie - Papier, Zellstoff und Druck - Energieverbrauch",
  "FC_IND_WP_E": "Endverbrauch - Industrie - Holz und Holzprodukte - Energieverbrauch",
  "FC_IND_CON_E": "Endverbrauch - Industrie - Bau - Energieverbrauch",
  "FC_IND_TL_E": "Endverbrauch - Industrie - Textil und Leder - Energieverbrauch",
  "FC_IND_NSP_E": "Endverbrauch - Industriezweig - nicht anderweitig angegeben - Energieverbrauch",
  "FC_TRA_E": "Endverbrauch - Verkehrssektor - Energieverbrauch",
  "FC_TRA_RAIL_E": "Endverbrauch - Verkehrssektor - Schiene - Energieverbrauch",
  "FC_TRA_ROAD_E": "Endverbrauch - Verkehrssektor - Straße - Energieverbrauch",
  "FC_TRA_DAVI_E": "Endverbrauch - Verkehrssektor - Inlandsluftfahrt - Energieverbrauch",
  "FC_TRA_DNAVI_E": "Endverbrauch - Verkehrssektor - Inlandsschifffahrt - Energieverbrauch",
  "FC_TRA_PIPE_E": "Endverbrauch - Transportsektor - Pipeline-Transport - Energieverbrauch",
  "FC_TRA_NSP_E": "Endverbrauch - Verkehrssektor - nicht anderweitig angegeben - Energieverbrauch",
  "FC_OTH_E": "Endverbrauch - andere Sektoren - Energieverbrauch",
  "FC_OTH_CP_E": "Endverbrauch - andere Sektoren - kommerzielle und öffentliche Dienstleistungen - Energieverbrauch",
  "FC_OTH_HH_E": "Endverbrauch - andere Sektoren - Haushalte - Energieverbrauch",
  "FC_OTH_AF_E": "Endverbrauch - andere Sektoren - Land- und Forstwirtschaft - Energieverbrauch",
  "FC_OTH_FISH_E": "Endverbrauch - andere Sektoren - Fischerei - Energieverbrauch",
  "FC_OTH_NSP_E": "Endverbrauch - andere Sektoren - nicht anderweitig angegeben - Energieverbrauch",
  "STATDIFF": "Statistische Unterschiede",
  "GEP": "Bruttostromerzeugung",
  "GEP_MAPE": "Bruttostromerzeugung - Haupttätigkeit nur Stromerzeuger",
  "GEP_MAPCHP": "Bruttostromerzeugung - Hauptaktivitätserzeuger Kraft-Wärme-Kopplung",
  "GEP_APE": "Bruttostromerzeugung - nur Autoproduzentstrom",
  "GEP_APCHP": "Bruttostromerzeugung - Autoproduzent Kraft-Wärme-Kopplung",
  "GHP": "Bruttowärmeerzeugung",
  "GHP_MAPCHP": "Bruttowärmeerzeugung - Hauptaktivitätserzeuger Kraft-Wärme-Kopplung",
  "GHP_MAPH": "Bruttowärmeerzeugung - nur Hauptproduktionserzeuger Wärme",
  "GHP_APCHP": "Bruttowärmeerzeugung - Autoproduzent Kraft-Wärme-Kopplung",
  "GHP_APH": "Bruttowärmeerzeugung - nur Autoproduzentenwärme",

  "msg": "Text in die Zwischenablage kopiert",
  "share": "Einbetten",
  "eurostat": "Quelle: Eurostat",

  "info": "Zeige Info",
  
  "inftitle": "Energiedaten",

  "IndicatorShow": "Hauptindikatoren anzeigen",
  "IndicatorHide": "Hauptindikatoren ausblenden",

  "TABTITLE1": "Energiedaten",
  "TAB1": "Energiestatistiken stehen aufgrund ihrer strategischen Bedeutung für ein wettbewerbsfähiges und nachhaltiges Wirtschaftswachstum im Fokus. In den letzten Jahren sah sich die Europäische Union einer Reihe wichtiger Energiefragen gegenüber. Diese haben das Thema Energie auf den nationalen und europäischen Tagesordnungen weit nach oben gerückt . Energiestatistiken liefern den politischen Entscheidungsträgern wichtige Informationen. Um die stetig steigenden Ansprüche der politischen Entscheidungsträger an die statistische Überwachung im Energiebereich zu erfüllen, hat Eurostat ein schlüssiges und harmonisiertes Energiestatistiksystem entwickelt. Die jährlichen, halbjährlichen und monatlichen Datensammlungen umfassen die EU-Mitgliedstaaten, die Staaten des Europäischen Wirtschaftsraums, Kandidatenländer, potentielle Kandidaten und die Vertragsparteien der Energiegemeinschaft.",

  "TABTITLE2": "Jährliche Energiedaten",
  "TAB2": "Sie sind jährliche Daten für Rohöl, Erdölerzeugnisse, Erdgas, Strom, abgeleitete Wärme, feste Brennstoffe sowie Energie aus erneuerbaren Quellen und Abfall, wobei alle Positionen der Energiebilanz von der Erzeugung über die Umwandlung bis zum Endenergieverbrauch nach Sektoren und Brennstoffarten abgedeckt werden. Jährliche Statistiken für Kernenergie sind ebenfalls verfügbar. Eurostat hat ein <a href=\"//ec.europa.eu/eurostat/cache/sankey/energy/sankey.html\" target=\"_blank\"><u>interaktives Tool</u></a>  entwickelt, um jährliche Energiedaten durch Flussdiagramme (sogenannte Sankey-Diagramme) zu visualisieren. Das Tool ermöglicht es Ihnen, Ihr eigenes Diagramm zusammenzustellen und verschiedene Optionen (Land, Jahr, Kraftstoff, Detailgrad, etc.) auszuprobieren.",

  "TABTITLE3": "Monatliche Energiedaten",
  "TAB3": "Eurostat sammelt und veröffentlicht monatliche Energiedaten zur Versorgung und in begrenztem Umfang zum Verbrauch verschiedener Kraftstoffe; Diese Daten umfassen derzeit die Kohlen / feste fossile Brennstoffe, Erdgas, Öl und Ölprodukte und Strom. Eurostat hat ein <a href=\"//ec.europa.eu/eurostat/cache/infographs/energy_monthly/index.html\" target=\"_blank\"><u>interaktives Tool</u></a> entwickelt, um monatliche Energiedaten durch Diagramme zu visualisieren.",

  "TABTITLE4": "Energiepreisen",
  "TAB4": "Sie sind halbjährliche und jährliche Zahlen zu Elektrizitäts-(or: Strom-) und Erdgaspreisen werden geliefert sowohl für Nicht-Haushaltskunden als auch für Haushaltskunden und für verschiedene Verbrauchsspannen. Halbjährliche Preise werden ohne Steuern, mit Mehrwertsteuer und einschließlich aller Steuern angegeben. Jährliche Daten bestehen aus mehr Preiskomponenten wie den Energiekosten, den Kosten für das Stromnetz und den Steuern. Zusätzlich werden nationale Durchschnittspreise für diese Preiskomponenten angegeben. Eurostat hat ein <a href=\"//ec.europa.eu/eurostat/cache/infographs/energy_prices/enprices.html\" target=\"_blank\"><u>interaktives Tool</u></a> entwickelt, um Zahlen zu Elektrizitäts-(or: Strom-) und Erdgaspreisen durch Diagramme zu visualisieren.",

  "TABTITLE5": "Energieindikatoren",
  "TAB5": "Eurostat produziert einige ausgewählte Energieindikatoren aus den Hauptbereichen der europäischen Politik (Beispiel: Anteil der Energie aus erneuerbaren Quellen). Eurostat hat ein <a href=\"//ec.europa.eu/eurostat/cache/infographs/energy_dashboard/dash.html\" target=\"_blank\"><u>interaktives Tool</u></a>  entwickelt, um Energieindikatoren durch Diagramme zu visualisieren.",

  "TABTITLE6": "Energiehandelsdaten",
  "TAB6": "Dies sind jährliche Daten zu Importen und Exporten von Erdgas, Rohöl und Ölprodukten, Elektrizität, festen fossilen Brennstoffen, Holzpellets, flüssigen Biokraftstoffen ... Eurostat hat ein <a href = \"//ec.europa.eu/eurostat/cache/infographs/energy_trade/entrade.html\" target=\" _ blank\"> <u>interaktives Tool </u></a> entwickelt, um herauszufinden, wer die wichtigsten Handelspartner Ihres Landes sind und die Handelsströme visualisieren.",

  "W6220": "Nicht erneuerbare Siedlungsabfälle",
  "O4500": "Andere Kohlenwasserstoffe",
  "O4640": "Naphtha",
  "O4651": "Flugbenzin",
  "O4653": "Benzin-Düsentreibstoff",
  "O4669": "Anderes Kerosin",
  "O4692": "Schmiermittel",
  "RA420": "Solarphotovoltaik",
  "R5230P": "Reines Bio-Jet-Kerosin",
  "R5230B": "Blended Bio Jet Kerosin",
  "W6210": "Erneuerbare Siedlungsabfälle",
  "C0340": "Kohlenteer",
  "0000X0350-0370": "Feste fossile Brennstoffe",
  

  "fuelMainFuel" :"Gesamt - Hauptkraftstofffamilien ",
  "fuelCoal": "Kohle",
  "fuelFossil": "Gase auf fossiler Basis ",
  "fuelOtherFossil": "Andere fossile Brennstoffe und Abfälle",
  "fuelOil": "Primäröl",
  "fuelMainPetroleum": "Hauptölprodukte ",
  "fuelOtherPetroleum": "Andere Erdölprodukte",
  "fuelNonCombustible": "Nicht brennbare erneuerbare Energien",
  "fuelCombustible": "Brennbare erneuerbare Energien (Biokraftstoffe)",
  "fuelElectricity": "Elektrizität und Wärme (einschließlich Kernkraft)",


  "POPTUT": "Tutorial öffnen",
  "POPEXP": "Flow erweitern",
  "POPDOWNLOADTABLEPDF": "Tabelle als Bild herunterladen",
  "POPDOWNLOADTABLEEXCEL": "Tabelle als Excel herunterladen",
  "POPDOWNLOADTABLECSV": "Tabelle als csv herunterladen",

  "POPBARCHART": "Säulendiagramm öffnen",
  "POPPIECHART": "Kreisdiagramm öffnen",
  "POPLINECHART": "Liniendiagramm öffnen",
  "POPINFO": "Informationen zum Saldo öffnen",
  "POPINFOPRODUCTS": "Produktinformationen öffnen",

  "POPDETAILS": "Details ein-/ausblenden",
  "POPSHARE": "Share-Menü öffnen",
  "POPMETA": "Metadaten öffnen",
  "POPDB": "Datenset öffnen",

  "LINKS": "Links",
  "COOKIES": "Cookies",
	"PRIVACY": "Datenschutz",
	"LEGAL": "Rechtlicher Hinweis",

  "POPTW": "X",
  "POPFB": "Facebook",
  "POPLK": "LinkedIn",
  "POPMAIL": "E-Mail",

  "PROTO": "Protokoll-Länderreihenfolge",
  "ALPHA": "Alphabetische Länderreihenfolge",
  "ASC": "Aufsteigende Datenwerte",
  "DESC": "Absteigende Datenwerte",

  "IND": "Kraftstoff",
  "CTR": "Länder",
  "YEAR": "Jahr",
  "UNIT": "Einheit",
  "pub": "Veröffentlichungen",
  "pub2": "Energiebilanzen",

  "META": "Metadaten",
  "DATASET": "Datensatz",

  "negativeValues": "Einige negative Werte werden nicht angezeigt",

  "tableYear": "Jahr",
  "tableUnit": "Einheit",



  "DEC": "Dezimalstellen",

  "AGREGATES": "EU-Aggregate anzeigen",

  "headingOne": "Maximal - und Minimalwerte",
 "headingTwo": "Evolution im Laufe der Zeit",
 "headingThree": "Länder vergleichen",
 "BALGUIDE": "Energiebilanz-Leitfaden (PDF)",
 "AMEX": "Suchdefinitionen",

 "MAXVAL": "Maximalwert von ",
 "MINVAL": "Mindestwert von ",
 "ENDFRASE": " gefunden in",

 "VALUE": "Werte",

 "SEARCHAMEXBOX": "Hier suchen…",

 "LOADINGTEXT": "Bitte warten Sie, während wir Ihre Anfrage bearbeiten",



 "COOKIETEXT": "Im Interesse der Benutzerfreundlichkeit verwenden wir auf unseren Seiten Cookies. Erfahren Sie mehr \u00fcber <a href=\"//ec.europa.eu/cookies/index_de.htm\" target=\"_blank\">unsere Cookie-Politik.</a>",
 "COOKIECOMPLETEclose": "Schlie\u00dfen",
 "COOKIECOMPLETEacceptAll": "Alle Cookies akzeptieren",
 "COOKIECOMPLETEonlyTechnical": "Nur unbedingt notwendige Cookies akzeptieren",
 "COOKIECOMPLETE": "Ihre Cookie-Pr\u00e4ferenzen wurden gespeichert. Sie k\u00f6nnen sie jederzeit \u00e4ndern. Informieren Sie sich \u00fcber unsere <a href=\"//ec.europa.eu/info/cookies_de\" target=\"_blank\">Cookie-Politik</a> oder klicken Sie auf den Link in der Fu\u00dfzeile.",
 
 "header-title-label": "Energiepreise",
  "MAINMENU": "Menü",
  "COUNTRY": "Land",
  "FUEL": "Kraftstoff",
  "DECIMALS": "Dezimalstellen",
  "REFERENCE": "Referenzzeitraum",
  "all": "Alle Länder auswählen",
  "KWH_GE15000": "Band DE: Verbrauch für 15.000 kWh oder mehr",
  "FEED": "Feedback",
  "TOOLS": "Werkzeuge",
  "DB": "zugriff auf Datensatz",
  "%": "in Prozent",

  "SHARE_T": "X",
  "SHARE_F": "Facebook",
  "SHARE_L": "LinkedIn",
  "MENU_COUNTRY": "Land auswählen",
  "MENU_FUEL": "Kraftstoff auswählen",
  "MENU_CONSUMER": "Verbraucher auswählen",
  "MENU_DEC": "Anzahl der Dezimalstellen auswählen",
  "MENU_UNIT": "Einheit auswählen",
  "MENU_COUNTRY_SORTING": "Länderreihenfolge auswählen",
  "MENU_SAVE_DIAGRAM": "Dieses Diagramm speichern",
  "MENU_YEARS": "Jahr auswählen",
  "details": "Details anzeigen",
  "hidDetails": "Details ausblenden",
  "POPCOLAPSE": "Fluss zusammenklappen",
  "TOP": "Zurück nach oben",
  "ORDER": "Sortierreihenfolge auswählen",



  "TOGGLEAGREGATES": "Aggregate anzeigen",
  "INFO": "Info anzeigen",
  "TGLBAR": "Balkendiagramm anzeigen",
  "TGLPIE": "Kreisdiagramm anzeigen",
  "TGLLINE": "Liniendiagramm anzeigen",
  "TGLTABLE": "Tabelle anzeigen",
  "POPPERCENTAGES": "Prozentsätze/Werte anzeigen",

  "DWL": "Diagrammbild herunterladen",
  "EMB": "Diagramm einbetten (iframe)",
  "SHA": "In sozialen Medien teilen",




  "PRINT": "Diagramm drucken",
  "DWNIMAGE": "Diagrammbild herunterladen",
  "DWNCHART": "Diagrammdaten herunterladen",
  "EMBED": "Diagramm einbetten (iframe)",
  "CLS": "Schließen",
  "tutBACK": "Zurück",
  "tutNEXT": "Weiter",
  "tutFINISH": "Schließen",
  "ACCESS": "Zugänglichkeit",
  "COPY": "URL kopieren",
  "N/A": "Nicht verfügbar",
  "VAL": "Wert",
  "VALS": "Werte",
  "SELECTLANGUAGE": "Wählen Sie Ihre Sprache",
  "OFFICIAL": "Amtssprache der EU:",
 "SHARE": "Teilen",

 "AGGREGATE": "Aggregat",
  "EUCTR": "EU-Länder",
  "EFTA": "EFTA-Länder",
  "ENLARGEMENT": "Erweiterungsländer",
  "OTHERCTR": "Andere Drittländer",
  "PERCENTAGE": "Prozentsatz"

}
