{
	"START_TOUR_TITLE": "Introduction",
	"START_TOUR_TEXT": "Bienvenue dans le tutoriel de l'outil de visualisation des bilans énergétiques d'Eurostat. Cette visite guidée vous montrera les principales façons d'interagir avec l'outil. Vous pouvez trouver une documentation plus détaillée sur la page <a target='_blank' href='https://ec.europa.eu/eurostat/statistics-explained/index.php?title=Energy_balance_-_new_methodology'> Bilan énergétique</a>.",
	"TUTO_1": "Menu",
	"TUTO_2": "L'outil contient un menu pour des fonctionnalités supplémentaires. Cliquez sur l'icône du menu pour personnaliser le graphique. Cliquez sur Suivant pour en savoir plus sur les options du menu.",
	"TUTO_3": "Info",
	"TUTO_4": "Utilisez ce menu pour accéder au tutoriel, aux métadonnées ou envoyer des commentaires.",
	"TUTO_5": "Options de téléchargement",
	"TUTO_6": "Utilisez cette option pour télécharger une image ou des données.",
	"TUTO_7": "Intégrer",
	"TUTO_8": "Utilisez ce bouton pour intégrer le graphique dans d'autres outils.",
	"TUTO_9": "Étendre les flux",
	"TUTO_10": "Utilisez cette option pour étendre les flux du tableau des bilans énergétiques.",
	"TUTO_11": "Menu de visualisation",
	"TUTO_12": "Utilisez cette option pour visualiser les données du tableau des bilans énergétiques en utilisant des diagrammes à secteurs, des histogrammes ou des graphiques linéaires.",
	"TUTO_21": "Réseaux sociaux",
	"TUTO_22": "Partagez-le avec d'autres sur X (ancien Twitter), Facebook, email et LinkedIn pour nous aider à améliorer notre outil. Merci!",
	"END_TOUR_TITLE": "C'est tout pour notre tour.",
	"END_TOUR_TEXT": "Toutes les images illustrant les définitions dans cet outil proviennent d'Unsplash ou de Pixabay.<br>Si vous trouvez cet outil de visualisation utile, veuillez le partager avec d'autres en utilisant nos boutons de réseaux sociaux. Merci!"
}
