{
    "START_TOUR_TITLE": "Einführung",
    "START_TOUR_TEXT": "Willkommen zur Anleitung des Visualisierungstools für den Energiebilanz von Eurostat. Diese geführte Tour zeigt Ihnen die wichtigsten Interaktionsmöglichkeiten mit dem Tool. Für eine detailliertere Dokumentation klicken Sie <a target='_blank' href='https://ec.europa.eu/eurostat/statistics-explained/index.php?title=Energy_balance_-_new_methodology'>hier</a>.",
    "TUTO_1": "Menü",
    "TUTO_2": "Das Tool enthält ein Menü für zusätzliche Funktionen. Klicken Sie auf das Menüsymbol, um das Diagramm anzupassen. Klicken Sie auf Weiter, um mehr über die Menüoptionen zu erfahren.",
    "TUTO_3": "Info",
    "TUTO_4": "Verwenden Sie dieses Menü, um auf das Tutorial, die Metadaten oder Feedback zuzugreifen.",
    "TUTO_5": "Download-Optionen",
    "TUTO_6": "Klicken Sie hier, um ein Bild oder Daten herunterzuladen.",
    "TUTO_7": "Eingebettet",
    "TUTO_8": "Verwenden Sie diese Schaltfläche, um das Diagramm in andere Tools einzubetten.",
    "TUTO_9": "Flüsse erweitern",
    "TUTO_10": "Verwenden Sie diese Option, um die Flüsse der Energiebilanztabelle zu erweitern.",
    "TUTO_11": "Visualisierungsmenü",
    "TUTO_12": "Verwenden Sie diese Option, um die Daten der Energiebilanztabelle als Kreisdiagramme, Balkendiagramme oder Liniendiagramme anzuzeigen.",
    "TUTO_21": "Soziale Medien",
    "TUTO_22": "Das Teilen auf Twitter, Facebook, per E-Mail und LinkedIn hilft uns dabei, unser Tool zu verbessern. Danke!",
    "END_TOUR_TITLE": "Das ist alles für unsere Tour.",
    "END_TOUR_TEXT": "Alle Bilder, die die Definitionen in diesem Tool illustrieren, stammen von Unsplash oder Pixabay.<br>Wenn Sie dieses Visualisierungstool nützlich finden, teilen Sie es bitte mit anderen mithilfe unserer Social-Media-Schaltflächen. Danke!"
  }
  