{
    "START_TOUR_TITLE": "Introduction",
    "START_TOUR_TEXT": "Bienvenue dans le tutoriel de l'outil de visualisation du bilan énergétique d'Eurostat. Cette visite guidée vous montrera les principales façons d'interagir avec l'outil. Pour une documentation plus détaillée, cliquez <a target='_blank' href='https://ec.europa.eu/eurostat/statistics-explained/index.php?title=Energy_balance_-_new_methodology'>ici</a>.",
    "TUTO_1": "Menu",
    "TUTO_2": "L'outil contient un menu pour des fonctionnalités supplémentaires. Cliquez sur l'icône du menu pour personnaliser le graphique. Cliquez sur suivant pour en savoir plus sur les options du menu.",
    "TUTO_3": "Info",
    "TUTO_4": "Utilisez ce menu pour accéder au tutoriel, aux métadonnées ou envoyer des commentaires.",
    "TUTO_5": "Options de téléchargement",
    "TUTO_6": "Cliquez ici pour télécharger une image ou des données.",
    "TUTO_7": "Intégré",
    "TUTO_8": "Utilisez ce bouton pour intégrer le graphique dans d'autres outils.",
    "TUTO_9": "Élargir les flux",
    "TUTO_10": "Utilisez cette option pour élargir les flux du tableau de bilan énergétique.",
    "TUTO_11": "Menu de visualisation",
    "TUTO_12": "Utilisez cette option pour visualiser les données du tableau de bilan énergétique sous forme de graphiques circulaires, de graphiques à barres ou de graphiques linéaires.",
    "TUTO_21": "Réseaux sociaux",
    "TUTO_22": "Le partager avec d'autres sur Twitter, Facebook, par e-mail et LinkedIn nous aidera à améliorer notre outil. Merci!",
    "END_TOUR_TITLE": "C'est tout pour notre visite.",
    "END_TOUR_TEXT": "Toutes les images illustrant les définitions dans cet outil proviennent d'Unsplash ou pixabay.<br>Si vous trouvez cet outil de visualisation utile, partagez-le avec d'autres en utilisant nos boutons de médias sociaux. Merci!"
  }
  