{
	"START_TOUR_TITLE": "Einführung",
	"START_TOUR_TEXT": "Willkommen beim Tutorial des Eurostat-Visualisierungstools für Energiebilanzen. Diese geführte Tour zeigt Ihnen die Hauptmethoden zur Interaktion mit dem Tool. Eine ausführlichere Dokumentation finden Sie auf der Seite <a target='_blank' href='https://ec.europa.eu/eurostat/statistics-explained/index.php?title=Energy_balance_-_new_methodology'> Energiebilanz</a>.",
	"TUTO_1": "Menü",
	"TUTO_2": "Das Tool enthält ein Menü für zusätzliche Funktionen. Klicken Sie auf das Menü-Symbol, um das Diagramm anzupassen. Klicken Sie auf Weiter, um mehr über die Menüoptionen zu erfahren.",
	"TUTO_3": "Info",
	"TUTO_4": "Verwenden Sie dieses Menü, um auf das Tutorial, Metadaten oder Feedback zuzugreifen.",
	"TUTO_5": "Download-Optionen",
	"TUTO_6": "Verwenden Sie diese Option, um ein Bild oder Daten herunterzuladen.",
	"TUTO_7": "Einbetten",
	"TUTO_8": "Verwenden Sie diese Schaltfläche, um das Diagramm in andere Tools einzubetten.",
	"TUTO_9": "Flüsse erweitern",
	"TUTO_10": "Verwenden Sie diese Option, um die Flüsse der Energiebilanz-Tabelle zu erweitern.",
	"TUTO_11": "Visualisierungsmenü",
	"TUTO_12": "Verwenden Sie diese Option, um die Daten der Energiebilanz-Tabelle mit Kreisdiagrammen, Balkendiagrammen oder Liniendiagrammen zu visualisieren.",
	"TUTO_21": "Soziale Medien",
	"TUTO_22": "Teilen Sie es mit anderen auf X (ehemals Twitter), Facebook, E-Mail und LinkedIn, um uns zu helfen, unser Tool zu verbessern. Vielen Dank!",
	"END_TOUR_TITLE": "Das war unsere Tour.",
	"END_TOUR_TEXT": "Alle Bilder, die die Definitionen in diesem Tool illustrieren, stammen von Unsplash oder Pixabay.<br>Wenn Sie dieses Visualisierungstool nützlich finden, teilen Sie es bitte mit anderen über unsere Schaltflächen für soziale Medien. Vielen Dank!"
}
